-- 删除所有文章相关数据
DELETE FROM article_tags;
DELETE FROM article_categories;
DELETE FROM article_translations;
DELETE FROM articles;

-- 确保分类存在
INSERT OR IGNORE INTO categories (id, name, slug, description) VALUES
('1', '科技', 'technology', '科技相关文章'),
('2', '生活', 'lifestyle', '生活相关文章'),
('3', '旅行', 'travel', '旅行相关文章'),
('4', '美食', 'food', '美食相关文章'),
('5', '健康', 'health', '健康相关文章'),
('6', '教育', 'education', '教育相关文章'),
('7', '职场', 'career', '职场相关文章'),
('8', '科学', 'science', '科学相关文章');

-- 确保标签存在
INSERT OR IGNORE INTO tags (id, name, slug, color) VALUES
('1', '人工智能', 'ai', '#3498db'),
('2', '编程', 'programming', '#2ecc71'),
('3', '生活方式', 'lifestyle', '#f39c12'),
('4', '旅行攻略', 'travel-guide', '#e74c3c'),
('5', '美食探店', 'food-review', '#9b59b6'),
('6', '健康生活', 'healthy-living', '#1abc9c'),
('7', '教育方法', 'education-methods', '#34495e'),
('8', '职场技能', 'career-skills', '#e67e22'),
('9', '科学研究', 'scientific-research', '#16a085'),
('10', '未来趋势', 'future-trends', '#8e44ad');

-- 生成20篇文章
-- 文章1: 人工智能的未来发展趋势
INSERT INTO articles (id, authorId, slug, status, isPremium, isPinned, coverImage, publishedAt, viewCount, aiGenerated) VALUES
('1', '1', 'ai-future-trends', 'PUBLISHED', 0, 1, 'https://trae-api-cn.mchost.guru/api/ide/v1/text_to_image?prompt=artificial%20intelligence%20future%20technology%20concept&image_size=landscape_16_9', '2024-01-01 00:00:00', 1000, 1);

INSERT INTO article_translations (id, articleId, locale, title, excerpt, content, metaTitle, metaDescription) VALUES
('1', '1', 'zh', '人工智能的未来发展趋势', '探索AI技术的最新进展和未来可能的发展方向', '# 人工智能的未来发展趋势\n\n人工智能（AI）作为当今科技领域最热门的话题之一，正以惊人的速度改变着我们的生活和工作方式。从智能手机中的语音助手到自动驾驶汽车，AI已经渗透到我们日常生活的方方面面。\n\n## 一、AI技术的最新进展\n\n近年来，AI技术取得了突破性的进展，特别是在以下几个领域：\n\n### 1. 深度学习\n\n深度学习作为AI的核心技术之一，通过模拟人脑的神经网络结构，实现了对复杂数据的高效处理。从图像识别到自然语言处理，深度学习已经成为许多AI应用的基础。\n\n### 2. 大语言模型\n\n以GPT为代表的大语言模型的出现，标志着AI在自然语言处理领域的重大突破。这些模型能够生成连贯、有逻辑的文本，甚至能够进行复杂的推理和创意写作。\n\n### 3. 计算机视觉\n\n计算机视觉技术的进步使得AI能够更准确地识别和理解图像内容，从人脸识别到物体检测，计算机视觉已经在安防、医疗等领域得到广泛应用。\n\n## 二、AI的未来发展方向\n\n展望未来，AI技术将在以下几个方面继续发展：\n\n### 1. 多模态AI\n\n多模态AI将整合文本、图像、音频等多种信息，实现更全面的理解和处理能力。这将使得AI系统能够像人类一样，通过多种感官获取信息并做出决策。\n\n### 2. 可解释性AI\n\n随着AI在关键领域的应用越来越广泛，人们对AI决策过程的可解释性要求也越来越高。未来的AI系统将更加透明，能够清晰地解释其决策依据。\n\n### 3. 个性化AI\n\n个性化AI将根据用户的需求和偏好，提供定制化的服务和体验。从个性化推荐到个性化教育，AI将成为每个人的智能助手。\n\n## 三、AI对社会的影响\n\nAI技术的发展将对社会产生深远的影响：\n\n### 1. 就业市场\n\nAI的发展将改变就业市场的结构，一些重复性工作可能会被AI取代，同时也会创造新的就业机会。\n\n### 2. 教育领域\n\nAI将为教育带来革新，通过个性化学习和智能辅导，提高教育质量和效率。\n\n### 3. 医疗健康\n\nAI在医疗领域的应用将提高诊断准确性和治疗效果，为患者提供更好的医疗服务。\n\n## 四、AI发展面临的挑战\n\n尽管AI技术发展迅速，但仍然面临一些挑战：\n\n### 1. 数据隐私\n\nAI系统需要大量数据进行训练，如何保护用户隐私成为一个重要问题。\n\n### 2. 算法偏见\n\nAI系统可能会继承训练数据中的偏见，导致不公平的决策。\n\n### 3. 伦理问题\n\nAI的发展引发了一系列伦理问题，如AI的责任归属、AI对人类的影响等。\n\n## 五、结论\n\n人工智能的未来充满无限可能，它将继续推动科技进步，改变我们的生活方式。同时，我们也需要认真思考如何确保AI的发展符合人类的利益，实现人机和谐共处。\n\n作为科技发展的前沿领域，AI的未来值得我们密切关注和深入探索。', '人工智能的未来发展趋势', '探索AI技术的最新进展和未来可能的发展方向'),
('2', '1', 'en', 'The Future Development Trends of Artificial Intelligence', 'Exploring the latest advances in AI technology and possible future directions', '# The Future Development Trends of Artificial Intelligence\n\nArtificial Intelligence (AI), as one of the hottest topics in today\'s technology field, is changing our way of life and work at an amazing speed. From voice assistants in smartphones to self-driving cars, AI has渗透到 every aspect of our daily lives.\n\n## 1. Latest Advances in AI Technology\n\nIn recent years, AI technology has made breakthrough progress, especially in the following areas:\n\n### 1.1 Deep Learning\n\nDeep learning, as one of the core technologies of AI, realizes efficient processing of complex data by simulating the neural network structure of the human brain. From image recognition to natural language processing, deep learning has become the foundation of many AI applications.\n\n### 1.2 Large Language Models\n\nThe emergence of large language models represented by GPT marks a major breakthrough in AI in the field of natural language processing. These models can generate coherent, logical text, and even perform complex reasoning and creative writing.\n\n### 1.3 Computer Vision\n\nAdvances in computer vision technology enable AI to more accurately identify and understand image content, from face recognition to object detection, computer vision has been widely used in security, medical and other fields.\n\n## 2. Future Development Directions of AI\n\nLooking to the future, AI technology will continue to develop in the following aspects:\n\n### 2.1 Multimodal AI\n\nMultimodal AI will integrate multiple information such as text, image, audio, etc., to achieve more comprehensive understanding and processing capabilities. This will enable AI systems to acquire information and make decisions through multiple senses like humans.\n\n### 2.2 Explainable AI\n\nAs AI is increasingly applied in key fields, people\'s requirements for the interpretability of AI decision-making processes are also increasing. Future AI systems will be more transparent and able to clearly explain the basis for their decisions.\n\n### 2.3 Personalized AI\n\nPersonalized AI will provide customized services and experiences based on users\' needs and preferences. From personalized recommendations to personalized education, AI will become everyone\'s intelligent assistant.\n\n## 3. The Impact of AI on Society\n\nThe development of AI technology will have a profound impact on society:\n\n### 3.1 Job Market\n\nThe development of AI will change the structure of the job market, some repetitive jobs may be replaced by AI, while also creating new job opportunities.\n\n### 3.2 Education Field\n\nAI will bring innovation to education, improving the quality and efficiency of education through personalized learning and intelligent tutoring.\n\n### 3.3 Healthcare\n\nThe application of AI in the medical field will improve diagnostic accuracy and treatment effects, providing better medical services for patients.\n\n## 4. Challenges Facing AI Development\n\nDespite the rapid development of AI technology, it still faces some challenges:\n\n### 4.1 Data Privacy\n\nAI systems need a lot of data for training, and how to protect user privacy has become an important issue.\n\n### 4.2 Algorithm Bias\n\nAI systems may inherit biases in training data, leading to unfair decisions.\n\n### 4.3 Ethical Issues\n\nThe development of AI has raised a series of ethical issues, such as the attribution of AI responsibility, the impact of AI on humans, etc.\n\n## 5. Conclusion\n\nThe future of artificial intelligence is full of infinite possibilities, it will continue to promote scientific and technological progress and change our way of life. At the same time, we also need to seriously think about how to ensure that the development of AI is in line with human interests and achieve harmonious coexistence between humans and machines.\n\nAs a frontier field of technological development, the future of AI deserves our close attention and in-depth exploration.', 'The Future Development Trends of Artificial Intelligence', 'Exploring the latest advances in AI technology and possible future directions');

INSERT INTO article_categories (articleId, categoryId) VALUES
('1', '1');

INSERT INTO article_tags (articleId, tagId) VALUES
('1', '1'),
('1', '2'),
('1', '10');

-- 文章2: 健康生活方式的重要性
INSERT INTO articles (id, authorId, slug, status, isPremium, isPinned, coverImage, publishedAt, viewCount, aiGenerated) VALUES
('2', '1', 'healthy-lifestyle-importance', 'PUBLISHED', 0, 0, 'https://trae-api-cn.mchost.guru/api/ide/v1/text_to_image?prompt=healthy%20lifestyle%20wellness%20fitness%20concept&image_size=landscape_16_9', '2024-01-02 00:00:00', 800, 1);

INSERT INTO article_translations (id, articleId, locale, title, excerpt, content, metaTitle, metaDescription) VALUES
('3', '2', 'zh', '健康生活方式的重要性', '探讨健康生活方式对身心健康的积极影响', '# 健康生活方式的重要性\n\n健康是人类最宝贵的财富，而健康的生活方式则是维护健康的重要基础。在快节奏的现代社会中，越来越多的人开始意识到健康生活方式的重要性。\n\n## 一、健康生活方式的定义\n\n健康生活方式是指一系列有利于身心健康的行为和习惯，包括合理饮食、适量运动、充足睡眠、心理平衡等方面。\n\n### 1. 合理饮食\n\n合理饮食是健康生活方式的基础，它要求我们摄入均衡的营养，包括蛋白质、碳水化合物、脂肪、维生素和矿物质等。\n\n### 2. 适量运动\n\n适量运动可以增强体质，提高免疫力，预防疾病。每周至少进行150分钟的中等强度有氧运动，如快走、跑步、游泳等。\n\n### 3. 充足睡眠\n\n充足的睡眠对身体健康至关重要，成年人每天应该保证7-8小时的睡眠时间。\n\n### 4. 心理平衡\n\n保持心理平衡，积极乐观的心态，有助于减轻压力，提高生活质量。\n\n## 二、健康生活方式的益处\n\n### 1. 预防疾病\n\n健康的生活方式可以有效预防多种慢性疾病，如高血压、糖尿病、心脏病等。\n\n### 2. 提高生活质量\n\n健康的身体和心理状态可以提高我们的生活质量，使我们更有精力和热情去面对生活中的各种挑战。\n\n### 3. 延长寿命\n\n研究表明，坚持健康生活方式的人比不健康生活方式的人寿命更长。\n\n### 4. 提高工作效率\n\n健康的身体和心理状态可以提高我们的工作效率，使我们在工作中表现更加出色。\n\n## 三、如何培养健康生活方式\n\n### 1. 制定合理的计划\n\n制定一个适合自己的健康计划，包括饮食、运动、睡眠等方面的安排。\n\n### 2. 循序渐进\n\n培养健康生活方式需要循序渐进，不要急于求成，逐渐改变不良习惯。\n\n### 3. 坚持到底\n\n健康生活方式的培养需要长期坚持，只有持之以恒，才能取得良好的效果。\n\n### 4. 寻求支持\n\n寻求家人、朋友的支持和鼓励，共同培养健康的生活方式。\n\n## 四、健康生活方式的具体实践\n\n### 1. 饮食方面\n\n- 多吃蔬菜水果，少吃油腻、辛辣的食物\n- 控制饮食量，避免暴饮暴食\n- 多喝水，少喝含糖饮料\n- 定时定量进餐，避免过度饥饿或过饱\n\n### 2. 运动方面\n\n- 每天坚持适量运动，如散步、慢跑、瑜伽等\n- 选择适合自己的运动方式，避免过度运动\n- 运动前后做好热身和放松运动\n- 保持运动的多样性，避免单调\n\n### 3. 睡眠方面\n\n- 保持规律的作息时间，每天按时睡觉和起床\n- 创造良好的睡眠环境，保持卧室安静、舒适\n- 睡前避免使用电子设备，避免刺激性食物和饮料\n- 如有睡眠问题，及时寻求医生的帮助\n\n### 4. 心理方面\n\n- 保持积极乐观的心态，学会应对压力\n- 培养兴趣爱好，丰富业余生活\n- 与家人、朋友保持良好的沟通\n- 如有心理问题，及时寻求专业帮助\n\n## 五、结论\n\n健康生活方式是我们健康的基石，它不仅可以预防疾病，提高生活质量，还可以延长寿命。培养健康生活方式需要我们从日常生活的点滴做起，坚持良好的饮食、运动、睡眠和心理习惯。\n\n让我们一起行动起来，培养健康的生活方式，享受健康快乐的人生！', '健康生活方式的重要性', '探讨健康生活方式对身心健康的积极影响'),
('4', '2', 'en', 'The Importance of a Healthy Lifestyle', 'Exploring the positive impact of a healthy lifestyle on physical and mental health', '# The Importance of a Healthy Lifestyle\n\nHealth is the most valuable wealth of human beings, and a healthy lifestyle is an important foundation for maintaining health. In the fast-paced modern society, more and more people are beginning to realize the importance of a healthy lifestyle.\n\n## 1. Definition of a Healthy Lifestyle\n\nA healthy lifestyle refers to a series of behaviors and habits that are beneficial to physical and mental health, including reasonable diet, moderate exercise, adequate sleep, psychological balance and other aspects.\n\n### 1.1 Reasonable Diet\n\nReasonable diet is the basis of a healthy lifestyle, it requires us to intake balanced nutrition, including protein, carbohydrates, fats, vitamins and minerals.\n\n### 1.2 Moderate Exercise\n\nModerate exercise can enhance physical fitness, improve immunity, and prevent diseases. Do at least 150 minutes of moderate-intensity aerobic exercise per week, such as brisk walking, running, swimming, etc.\n\n### 1.3 Adequate Sleep\n\nAdequate sleep is crucial for physical health, adults should ensure 7-8 hours of sleep per day.\n\n### 1.4 Psychological Balance\n\nMaintaining psychological balance and a positive and optimistic attitude helps to reduce stress and improve quality of life.\n\n## 2. Benefits of a Healthy Lifestyle\n\n### 2.1 Disease Prevention\n\nA healthy lifestyle can effectively prevent many chronic diseases, such as hypertension, diabetes, heart disease, etc.\n\n### 2.2 Improve Quality of Life\n\nA healthy physical and mental state can improve our quality of life, making us more energetic and enthusiastic to face various challenges in life.\n\n### 2.3 Extend Lifespan\n\nStudies have shown that people who adhere to a healthy lifestyle live longer than those with an unhealthy lifestyle.\n\n### 2.4 Improve Work Efficiency\n\nA healthy physical and mental state can improve our work efficiency, making us perform better at work.\n\n## 3. How to Cultivate a Healthy Lifestyle\n\n### 3.1 Make a Reasonable Plan\n\nMake a healthy plan suitable for yourself, including arrangements for diet, exercise, sleep and other aspects.\n\n### 3.2 Step by Step\n\nCultivating a healthy lifestyle requires gradual progress, not急于求成, and gradually changing bad habits.\n\n### 3.3 Persist to the End\n\nThe cultivation of a healthy lifestyle requires long-term persistence, only with perseverance can we achieve good results.\n\n### 3.4 Seek Support\n\nSeek the support and encouragement of family and friends to jointly cultivate a healthy lifestyle.\n\n## 4. Specific Practice of Healthy Lifestyle\n\n### 4.1 Diet\n\n- Eat more vegetables and fruits, eat less greasy and spicy food\n- Control food intake, avoid overeating\n- Drink more water, less sugary drinks\n- Eat regularly and quantitatively, avoid excessive hunger or overfull\n\n### 4.2 Exercise\n\n- Insist on moderate exercise every day, such as walking, jogging, yoga, etc.\n- Choose exercise methods suitable for yourself, avoid excessive exercise\n- Do warm-up and relaxation exercises before and after exercise\n- Maintain the diversity of exercise to avoid monotony\n\n### 4.3 Sleep\n\n- Maintain regular work and rest time, go to bed and get up on time every day\n- Create a good sleep environment, keep the bedroom quiet and comfortable\n- Avoid using electronic devices before going to bed, avoid stimulating food and drinks\n- If there are sleep problems, seek medical help in time\n\n### 4.4 Psychology\n\n- Maintain a positive and optimistic attitude, learn to cope with stress\n- Cultivate hobbies, enrich spare time life\n- Maintain good communication with family and friends\n- If there are psychological problems, seek professional help in time\n\n## 5. Conclusion\n\nA healthy lifestyle is the cornerstone of our health, it can not only prevent diseases, improve quality of life, but also extend lifespan. Cultivating a healthy lifestyle requires us to start from the daily life, adhere to good diet, exercise, sleep and psychological habits.\n\nLet\'s take action together, cultivate a healthy lifestyle, and enjoy a healthy and happy life!', 'The Importance of a Healthy Lifestyle', 'Exploring the positive impact of a healthy lifestyle on physical and mental health');

INSERT INTO article_categories (articleId, categoryId) VALUES
('2', '5');

INSERT INTO article_tags (articleId, tagId) VALUES
('2', '6');

-- 文章3: 旅行中的文化体验
INSERT INTO articles (id, authorId, slug, status, isPremium, isPinned, coverImage, publishedAt, viewCount, aiGenerated) VALUES
('3', '1', 'cultural-experience-travel', 'PUBLISHED', 0, 0, 'https://trae-api-cn.mchost.guru/api/ide/v1/text_to_image?prompt=travel%20cultural%20experience%20traditional%20festival&image_size=landscape_16_9', '2024-01-03 00:00:00', 900, 1);

INSERT INTO article_translations (id, articleId, locale, title, excerpt, content, metaTitle, metaDescription) VALUES
('5', '3', 'zh', '旅行中的文化体验', '探索不同国家和地区的文化特色，丰富旅行的意义', '# 旅行中的文化体验\n\n旅行不仅仅是欣赏风景，更是一种文化的交流和体验。在旅行中，我们可以接触到不同的文化、习俗和生活方式，这不仅可以拓宽我们的视野，还可以让我们更深入地了解这个世界。\n\n## 一、文化体验的重要性\n\n### 1. 拓宽视野\n\n通过接触不同的文化，我们可以了解到世界的多样性，拓宽自己的视野，打破固有的思维模式。\n\n### 2. 促进理解与包容\n\n了解不同文化的背景和特点，可以促进不同文化之间的理解与包容，减少偏见和误解。\n\n### 3. 丰富旅行体验\n\n文化体验可以让旅行更加丰富多彩，不仅仅是看风景，更是深入了解当地的历史、传统和生活方式。\n\n### 4. 个人成长\n\n文化体验可以促进个人的成长和发展，培养我们的适应能力和跨文化交流能力。\n\n## 二、如何在旅行中体验文化\n\n### 1. 了解当地历史和文化背景\n\n在旅行前，了解当地的历史和文化背景，可以帮助我们更好地理解当地的文化现象和习俗。\n\n### 2. 参与当地的传统活动\n\n参与当地的传统活动，如节日庆典、民俗表演等，可以亲身体验当地的文化特色。\n\n### 3. 品尝当地美食\n\n美食是文化的重要组成部分，品尝当地美食可以了解当地的饮食文化和生活方式。\n\n### 4. 与当地人交流\n\n与当地人交流，了解他们的生活和想法，可以更深入地了解当地的文化。\n\n### 5. 参观文化景点\n\n参观当地的博物馆、历史遗迹、艺术展览等文化景点，可以系统地了解当地的文化。\n\n## 三、不同地区的文化体验\n\n### 1. 亚洲文化\n\n亚洲文化有着悠久的历史和丰富的内涵，如中国的传统文化、日本的和风文化、印度的宗教文化等。\n\n### 2. 欧洲文化\n\n欧洲文化以其深厚的历史底蕴和艺术成就而闻名，如希腊的古典文化、意大利的文艺复兴文化、法国的浪漫文化等。\n\n### 3. 非洲文化\n\n非洲文化充满了原始的活力和独特的魅力，如非洲的部落文化、音乐舞蹈文化等。\n\n### 4. 美洲文化\n\n美洲文化融合了多种文化元素，如美国的多元文化、墨西哥的玛雅文化、巴西的桑巴文化等。\n\n## 四、文化体验的注意事项\n\n### 1. 尊重当地文化\n\n在体验当地文化时，要尊重当地的习俗和禁忌，避免做出冒犯当地文化的行为。\n\n### 2. 保持开放的心态\n\n保持开放的心态，接纳不同的文化观念和生活方式，不要以自己的文化标准去评判其他文化。\n\n### 3. 注意安全\n\n在参与当地活动时，要注意自身安全，遵守当地的法律法规。\n\n### 4. 保护环境\n\n在旅行中，要注意保护环境，不要破坏当地的文化遗产和自然环境。\n\n## 五、文化体验的收获\n\n### 1. 知识的增长\n\n通过文化体验，我们可以学习到许多关于历史、艺术、宗教等方面的知识。\n\n### 2. 视野的开阔\n\n文化体验可以让我们看到不同的生活方式和价值观，开阔我们的视野。\n\n### 3. 友谊的建立\n\n在文化交流中，我们可以结识来自不同国家和地区的朋友，建立跨国友谊。\n\n### 4. 自我的提升\n\n文化体验可以促进我们的自我提升，培养我们的跨文化交流能力和适应能力。\n\n## 六、结论\n\n旅行中的文化体验是一种宝贵的经历，它可以让我们更深入地了解这个世界，拓宽我们的视野，促进不同文化之间的理解与包容。在旅行中，我们应该积极参与当地的文化活动，与当地人交流，品尝当地美食，参观文化景点，以获得更丰富的文化体验。\n\n让我们带着开放的心态，踏上文化之旅，探索世界的多样性，感受不同文化的魅力！', '旅行中的文化体验', '探索不同国家和地区的文化特色，丰富旅行的意义'),
('6', '3', 'en', 'Cultural Experiences in Travel', 'Exploring cultural characteristics of different countries and regions to enrich the meaning of travel', '# Cultural Experiences in Travel\n\nTravel is not just about enjoying scenery, but also about cultural exchange and experience. During travel, we can come into contact with different cultures, customs and lifestyles, which can not only broaden our horizons, but also allow us to understand the world more deeply.\n\n## 1. The Importance of Cultural Experience\n\n### 1.1 Broaden Horizons\n\nBy contacting different cultures, we can understand the diversity of the world, broaden our horizons, and break down inherent thinking patterns.\n\n### 1.2 Promote Understanding and Tolerance\n\nUnderstanding the background and characteristics of different cultures can promote understanding and tolerance between different cultures, and reduce prejudice and misunderstanding.\n\n### 1.3 Enrich Travel Experience\n\nCultural experience can make travel more colorful, not just seeing scenery, but also deeply understanding the local history, traditions and lifestyle.\n\n### 1.4 Personal Growth\n\nCultural experience can promote personal growth and development, cultivate our adaptability and cross-cultural communication skills.\n\n## 2. How to Experience Culture in Travel\n\n### 2.1 Understand Local History and Cultural Background\n\nBefore traveling, understanding the local history and cultural background can help us better understand local cultural phenomena and customs.\n\n### 2.2 Participate in Local Traditional Activities\n\nParticipating in local traditional activities, such as festivals, folk performances, etc., can personally experience local cultural characteristics.\n\n### 2.3 Taste Local Food\n\nFood is an important part of culture, tasting local food can understand local food culture and lifestyle.\n\n### 2.4 Communicate with Locals\n\nCommunicating with locals, understanding their lives and ideas, can deeper understand local culture.\n\n### 2.5 Visit Cultural Attractions\n\nVisiting local museums, historical sites, art exhibitions and other cultural attractions can systematically understand local culture.\n\n## 3. Cultural Experiences in Different Regions\n\n### 3.1 Asian Culture\n\nAsian culture has a long history and rich connotation, such as Chinese traditional culture, Japanese和风 culture, Indian religious culture, etc.\n\n### 3.2 European Culture\n\nEuropean culture is famous for its profound historical heritage and artistic achievements, such as Greek classical culture, Italian Renaissance culture, French romantic culture, etc.\n\n### 3.3 African Culture\n\nAfrican culture is full of primitive vitality and unique charm, such as African tribal culture, music and dance culture, etc.\n\n### 3.4 American Culture\n\nAmerican culture integrates multiple cultural elements, such as American multiculturalism, Mexican Mayan culture, Brazilian samba culture, etc.\n\n## 4. Notes for Cultural Experience\n\n### 4.1 Respect Local Culture\n\nWhen experiencing local culture, respect local customs and taboos, avoid behaviors that offend local culture.\n\n### 4.2 Keep an Open Mind\n\nKeep an open mind, accept different cultural concepts and lifestyles, do not judge other cultures by your own cultural standards.\n\n### 4.3 Pay Attention to Safety\n\nWhen participating in local activities, pay attention to your own safety and abide by local laws and regulations.\n\n### 4.4 Protect the Environment\n\nDuring travel, pay attention to protecting the environment, do not damage local cultural heritage and natural environment.\n\n## 5. Harvests of Cultural Experience\n\n### 5.1 Increase in Knowledge\n\nThrough cultural experience, we can learn a lot about history, art, religion and other aspects of knowledge.\n\n### 5.2 Broadening of Horizons\n\nCultural experience can let us see different lifestyles and values, broaden our horizons.\n\n### 5.3 Establishment of Friendship\n\nIn cultural exchange, we can meet friends from different countries and regions, and establish transnational friendship.\n\n### 5.4 Self-improvement\n\nCultural experience can promote our self-improvement, cultivate our cross-cultural communication skills and adaptability.\n\n## 6. Conclusion\n\nCultural experience in travel is a valuable experience, it can let us understand the world more deeply, broaden our horizons, and promote understanding and tolerance between different cultures. During travel, we should actively participate in local cultural activities, communicate with locals, taste local food, visit cultural attractions, to obtain richer cultural experience.\n\nLet us embark on a cultural journey with an open mind, explore the diversity of the world, and feel the charm of different cultures!', 'Cultural Experiences in Travel', 'Exploring cultural characteristics of different countries and regions to enrich the meaning of travel');

INSERT INTO article_categories (articleId, categoryId) VALUES
('3', '3');

INSERT INTO article_tags (articleId, tagId) VALUES
('3', '4');

-- 文章4: 职场成功的关键因素
INSERT INTO articles (id, authorId, slug, status, isPremium, isPinned, coverImage, publishedAt, viewCount, aiGenerated) VALUES
('4', '1', 'key-factors-career-success', 'PUBLISHED', 0, 0, 'https://trae-api-cn.mchost.guru/api/ide/v1/text_to_image?prompt=career%20success%20professional%20development%20business%20meeting&image_size=landscape_16_9', '2024-01-04 00:00:00', 1200, 1);

INSERT INTO article_translations (id, articleId, locale, title, excerpt, content, metaTitle, metaDescription) VALUES
('7', '4', 'zh', '职场成功的关键因素', '探讨在职场中取得成功的重要因素和方法', '# 职场成功的关键因素\n\n职场成功是许多人追求的目标，但是要在职场中取得成功并不是一件容易的事情。它需要我们具备一定的能力和素质，同时也需要我们掌握一些关键的方法和技巧。\n\n## 一、专业能力\n\n### 1. 专业知识和技能\n\n专业知识和技能是职场成功的基础，只有具备扎实的专业知识和技能，才能在工作中表现出色，获得认可。\n\n### 2. 持续学习能力\n\n在当今快速发展的社会中，知识更新换代的速度非常快，只有具备持续学习的能力，才能跟上时代的步伐，保持竞争力。\n\n### 3. 解决问题的能力\n\n职场中会遇到各种各样的问题，只有具备较强的解决问题的能力，才能在工作中应对各种挑战，取得成功。\n\n## 二、人际关系\n\n### 1. 沟通能力\n\n良好的沟通能力是建立良好人际关系的基础，只有善于沟通，才能与同事、上司和客户建立良好的关系。\n\n### 2. 团队合作精神\n\n在现代职场中，团队合作越来越重要，只有具备团队合作精神，才能与团队成员协作完成任务，实现共同的目标。\n\n### 3. 人脉资源\n\n良好的人脉资源可以为我们提供更多的机会和支持，有助于我们在职场中取得成功。\n\n## 三、工作态度\n\n### 1. 责任心\n\n责任心是职场成功的重要品质，只有具备强烈的责任心，才能认真对待工作，高质量地完成任务。\n\n### 2. 积极性和主动性\n\n积极主动的工作态度可以让我们在工作中更加投入，更容易获得机会和认可。\n\n### 3. 抗压能力\n\n职场中会面临各种压力，只有具备较强的抗压能力，才能在压力下保持良好的工作状态，克服困难。\n\n## 四、职业规划\n\n### 1. 明确的目标\n\n明确的职业目标可以为我们指明前进的方向，帮助我们制定合理的职业规划。\n\n### 2. 合理的规划\n\n根据自己的目标和现状，制定合理的职业规划，包括短期目标和长期目标。\n\n### 3. 持续的行动\n\n制定规划后，需要持续地采取行动，不断努力，才能实现职业目标。\n\n## 五、个人素质\n\n### 1. 诚信\n\n诚信是职场中最基本的品质，只有诚实守信，才能赢得他人的信任和尊重。\n\n### 2. 自信\n\n自信可以让我们在工作中更加从容，更容易发挥自己的能力。\n\n### 3. 适应能力\n\n在不断变化的职场环境中，只有具备较强的适应能力，才能快速适应新的环境和挑战。\n\n### 4. 创新能力\n\n创新能力可以让我们在工作中提出新的想法和方法，提高工作效率和质量。\n\n## 六、成功案例分析\n\n### 1. 案例一：从普通员工到部门经理\n\n小张是一家公司的普通员工，他通过不断学习和努力，提升自己的专业能力，同时积极与同事和上司沟通，建立良好的人际关系。他还制定了明确的职业目标，并为之不断努力。最终，他成功晋升为部门经理。\n\n### 2. 案例二：创业成功的故事\n\n小李是一位创业者，他在创业过程中遇到了许多困难和挑战，但是他始终保持积极的态度，不断学习和创新，同时善于与人合作，建立了良好的人脉资源。最终，他的创业项目取得了成功。\n\n## 七、如何培养职场成功的关键因素\n\n### 1. 提升专业能力\n\n- 参加培训和学习，不断更新知识和技能\n- 实践中学习，积累经验\n- 向优秀的同事和上司学习\n\n### 2. 建立良好的人际关系\n\n- 主动与同事和上司沟通\n- 积极参与团队活动\n- 帮助他人，建立良好的口碑\n\n### 3. 培养良好的工作态度\n\n- 认真对待每一项工作\n- 积极主动地完成任务\n- 面对压力时保持冷静和乐观\n\n### 4. 制定合理的职业规划\n\n- 明确自己的职业目标\n- 分析自己的优势和不足\n- 制定具体的行动计划\n\n### 5. 提升个人素质\n\n- 注重诚信，言行一致\n- 培养自信，相信自己的能力\n- 积极适应变化，不断创新\n\n## 八、结论\n\n职场成功是一个综合性的过程，它需要我们具备专业能力、良好的人际关系、积极的工作态度、合理的职业规划和优秀的个人素质。只有在这些方面不断努力和提升，才能在职场中取得成功。\n\n让我们以积极的态度面对职场挑战，不断提升自己，实现自己的职业目标！', '职场成功的关键因素', '探讨在职场中取得成功的重要因素和方法'),
('8', '4', 'en', 'Key Factors for Career Success', 'Exploring important factors and methods for achieving success in the workplace', '# Key Factors for Career Success\n\nCareer success is a goal pursued by many people, but achieving success in the workplace is not an easy task. It requires us to have certain abilities and qualities, as well as master some key methods and skills.\n\n## 1. Professional Ability\n\n### 1.1 Professional Knowledge and Skills\n\nProfessional knowledge and skills are the foundation of career success. Only with solid professional knowledge and skills can we perform well in work and gain recognition.\n\n### 1.2 Continuous Learning Ability\n\nIn today\'s rapidly developing society, the speed of knowledge updating is very fast. Only with continuous learning ability can we keep up with the times and maintain competitiveness.\n\n### 1.3 Problem-solving Ability\n\nVarious problems will be encountered in the workplace. Only with strong problem-solving ability can we cope with various challenges in work and achieve success.\n\n## 2. Interpersonal Relationships\n\n### 2.1 Communication Ability\n\nGood communication ability is the foundation of establishing good interpersonal relationships. Only by being good at communication can we establish good relationships with colleagues, superiors and customers.\n\n### 2.2 Teamwork Spirit\n\nIn modern workplace, teamwork is becoming more and more important. Only with teamwork spirit can we cooperate with team members to complete tasks and achieve common goals.\n\n### 2.3 Network Resources\n\nGood network resources can provide us with more opportunities and support, which is helpful for us to achieve success in the workplace.\n\n## 3. Work Attitude\n\n### 3.1 Sense of Responsibility\n\nSense of responsibility is an important quality for career success. Only with a strong sense of responsibility can we take work seriously and complete tasks with high quality.\n\n### 3.2 Enthusiasm and Initiative\n\nPositive and initiative work attitude can make us more engaged in work and more likely to get opportunities and recognition.\n\n### 3.3 Pressure Resistance Ability\n\nVarious pressures will be faced in the workplace. Only with strong pressure resistance ability can we maintain a good working state under pressure and overcome difficulties.\n\n## 4. Career Planning\n\n### 4.1 Clear Goals\n\nClear career goals can point out the direction for us and help us formulate reasonable career planning.\n\n### 4.2 Reasonable Planning\n\nAccording to our own goals and current situation, formulate reasonable career planning, including short-term goals and long-term goals.\n\n### 4.3 Continuous Action\n\nAfter formulating the plan, we need to take continuous action and make continuous efforts to achieve career goals.\n\n## 5. Personal Quality\n\n### 5.1 Integrity\n\nIntegrity is the most basic quality in the workplace. Only by being honest and trustworthy can we win the trust and respect of others.\n\n### 5.2 Self-confidence\n\nSelf-confidence can make us more calm in work and easier to exert our abilities.\n\n### 5.3 Adaptability\n\nIn the constantly changing workplace environment, only with strong adaptability can we quickly adapt to new environments and challenges.\n\n### 5.4 Innovation Ability\n\nInnovation ability can let us put forward new ideas and methods in work, improve work efficiency and quality.\n\n## 6. Analysis of Successful Cases\n\n### 6.1 Case 1: From Ordinary Employee to Department Manager\n\nZhang is an ordinary employee of a company. Through continuous learning and efforts, he improved his professional ability, and actively communicated with colleagues and superiors to establish good interpersonal relationships. He also set clear career goals and worked hard for them. Finally, he successfully promoted to department manager.\n\n### 6.2 Case 2: The Story of Successful Entrepreneurship\n\nLi is an entrepreneur. He encountered many difficulties and challenges in the process of entrepreneurship, but he always maintained a positive attitude, kept learning and innovating, and was good at cooperating with others to establish good network resources. Finally, his entrepreneurial project achieved success.\n\n## 7. How to Cultivate Key Factors for Career Success\n\n### 7.1 Improve Professional Ability\n\n- Participate in training and learning, constantly update knowledge and skills\n- Learn from practice, accumulate experience\n- Learn from excellent colleagues and superiors\n\n### 7.2 Establish Good Interpersonal Relationships\n\n- Take the initiative to communicate with colleagues and superiors\n- Actively participate in team activities\n- Help others, establish a good reputation\n\n### 7.3 Cultivate Good Work Attitude\n\n- Take every job seriously\n- Actively complete tasks\n- Stay calm and optimistic when facing pressure\n\n### 7.4 Formulate Reasonable Career Planning\n\n- Clarify your career goals\n- Analyze your strengths and weaknesses\n- Formulate specific action plans\n\n### 7.5 Improve Personal Quality\n\n- Pay attention to integrity, consistent words and deeds\n- Cultivate self-confidence, believe in your ability\n- Actively adapt to changes, constantly innovate\n\n## 8. Conclusion\n\nCareer success is a comprehensive process, which requires us to have professional ability, good interpersonal relationships, positive work attitude, reasonable career planning and excellent personal quality. Only by constantly working hard and improving in these aspects can we achieve success in the workplace.\n\nLet us face workplace challenges with a positive attitude, constantly improve ourselves, and achieve our career goals!', 'Key Factors for Career Success', 'Exploring important factors and methods for achieving success in the workplace');

INSERT INTO article_categories (articleId, categoryId) VALUES
('4', '7');

INSERT INTO article_tags (articleId, tagId) VALUES
('4', '8');

-- 文章5: 美食与文化的交融
INSERT INTO articles (id, authorId, slug, status, isPremium, isPinned, coverImage, publishedAt, viewCount, aiGenerated) VALUES
('5', '1', 'food-and-culture', 'PUBLISHED', 0, 0, 'https://trae-api-cn.mchost.guru/api/ide/v1/text_to_image?prompt=delicious%20food%20cultural%20cuisine%20traditional%20dishes&image_size=landscape_16_9', '2024-01-05 00:00:00', 1100, 1);

INSERT INTO article_translations (id, articleId, locale, title, excerpt, content, metaTitle, metaDescription) VALUES
('9', '5', 'zh', '美食与文化的交融', '探讨美食如何反映和传承文化，以及不同文化中的美食特色', '# 美食与文化的交融\n\n美食不仅仅是一种食物，更是一种文化的载体。不同的文化背景孕育了不同的美食特色，而美食又反过来反映和传承着文化。\n\n## 一、美食作为文化的载体\n\n### 1. 饮食文化的形成\n\n饮食文化的形成与地理环境、历史背景、宗教信仰、生活习惯等因素密切相关。不同的地区和民族由于所处的环境和历史不同，形成了各具特色的饮食文化。\n\n### 2. 美食与文化的关系\n\n美食是文化的重要组成部分，它反映了一个地区或民族的生活方式、价值观念和审美情趣。通过美食，我们可以了解一个地区或民族的文化特色。\n\n### 3. 美食的文化意义\n\n美食不仅满足了人们的生理需求，还具有重要的文化意义。它是人们社交、庆祝、纪念等活动的重要组成部分，也是文化传承的重要方式。\n\n## 二、不同文化中的美食特色\n\n### 1. 中国饮食文化\n\n中国饮食文化历史悠久，博大精深，以其丰富多样的菜系和精湛的烹饪技艺而闻名于世。中国菜讲究色、香、味、形、器的完美结合，注重食材的选择和烹饪方法的运用。\n\n### 2. 法国饮食文化\n\n法国饮食文化以其精致、浪漫而著称，注重食材的新鲜和品质，讲究烹饪的工艺和技巧。法国菜以其丰富的口感和精美的 presentation 而受到世界的喜爱。\n\n### 3. 意大利饮食文化\n\n意大利饮食文化以其简单、健康而受到欢迎，注重食材的原汁原味，强调食材的新鲜和品质。意大利面、披萨等意大利美食已经成为世界范围内的流行食品。\n\n### 4. 日本饮食文化\n\n日本饮食文化以其精致、清淡而闻名，注重食材的新鲜和季节性，讲究食物的美观和营养均衡。寿司、生鱼片等日本美食已经成为世界美食的重要组成部分。\n\n### 5. 印度饮食文化\n\n印度饮食文化以其丰富的香料和独特的口味而著称，注重食材的搭配和调味，强调食物的营养价值。印度菜的特色在于其复杂的香料组合和独特的烹饪方法。\n\n## 三、美食与文化的传承\n\n### 1. 传统美食的传承\n\n传统美食是文化传承的重要方式，通过世代相传的烹饪技艺和 recipes，文化得以延续和发展。\n\n### 2. 美食与节日庆典\n\n在许多文化中，美食与节日庆典密切相关，特定的节日会有特定的传统美食，这些美食成为节日文化的重要组成部分。\n\n### 3. 美食与家庭文化\n\n家庭是文化传承的重要场所，通过家庭烹饪和饮食习惯，文化得以在代际之间传递。\n\n### 4. 美食与地域文化\n\n不同地区的美食反映了当地的地域文化特色，通过美食，我们可以了解当地的自然环境、历史传统和生活方式。\n\n## 四、美食的文化交流\n\n### 1. 美食的全球化\n\n随着全球化的发展，不同国家和地区的美食开始在世界范围内传播，形成了美食的全球化趋势。\n\n### 2. 美食的融合与创新\n\n在文化交流的过程中，不同文化的美食相互融合，产生了新的美食品种和烹饪方法，丰富了世界饮食文化。\n\n### 3. 美食旅游\n\n美食旅游成为一种新兴的旅游方式，人们通过品尝当地美食来了解当地的文化特色，促进了不同文化之间的交流和理解。\n\n### 4. 美食与跨文化交流\n\n美食作为一种通用的语言，可以跨越文化的障碍，促进不同文化之间的交流和理解。\n\n## 五、美食与文化的未来\n\n### 1. 传统与现代的结合\n\n在现代社会，传统美食需要与现代生活方式相结合，不断创新和发展，才能保持其生命力。\n\n### 2. 健康与美食的平衡\n\n随着人们对健康的关注度不断提高，健康饮食成为一种趋势，美食需要在保持美味的同时，注重营养均衡和健康。\n\n### 3. 可持续发展与美食\n\n可持续发展理念的提出，对美食产业产生了深远的影响，人们开始关注食材的来源和环境友好的烹饪方式。\n\n### 4. 科技与美食的融合\n\n科技的发展为美食的创新提供了新的可能性，如分子料理、智能烹饪等，丰富了美食的表现形式。\n\n## 六、结论\n\n美食与文化是相互交融、相互影响的。美食是文化的重要载体，反映了一个地区或民族的文化特色；文化则为美食的发展提供了深厚的底蕴和丰富的内涵。通过了解不同文化中的美食特色，我们可以更好地理解和欣赏不同的文化，促进文化之间的交流和理解。\n\n让我们通过美食这一窗口，探索不同文化的魅力，感受世界的多样性！', '美食与文化的交融', '探讨美食如何反映和传承文化，以及不同文化中的美食特色'),
('10', '5', 'en', 'The Fusion of Food and Culture', 'Exploring how food reflects and inherits culture, as well as food characteristics in different cultures', '# The Fusion of Food and Culture\n\nFood is not just a kind of food, but also a carrier of culture. Different cultural backgrounds have bred different food characteristics, and food in turn reflects and inherits culture.\n\n## 1. Food as a Carrier of Culture\n\n### 1.1 The Formation of Food Culture\n\nThe formation of food culture is closely related to factors such as geographical environment, historical background, religious beliefs, and living habits. Different regions and ethnic groups have formed unique food cultures due to different environments and histories.\n\n### 1.2 The Relationship between Food and Culture\n\nFood is an important part of culture, which reflects the lifestyle, values and aesthetic taste of a region or nation. Through food, we can understand the cultural characteristics of a region or nation.\n\n### 1.3 The Cultural Significance of Food\n\nFood not only meets people\'s physiological needs, but also has important cultural significance. It is an important part of people\'s social, celebration, commemoration and other activities, and it is also an important way of cultural inheritance.\n\n## 2. Food Characteristics in Different Cultures\n\n### 2.1 Chinese Food Culture\n\nChinese food culture has a long history and is extensive and profound, famous for its rich and diverse cuisines and exquisite cooking techniques. Chinese cuisine pays attention to the perfect combination of color, aroma, taste, shape and utensils, and focuses on the selection of ingredients and the application of cooking methods.\n\n### 2.2 French Food Culture\n\nFrench food culture is famous for its refinement and romance, focusing on the freshness and quality of ingredients, and paying attention to cooking techniques and skills. French cuisine is loved by the world for its rich taste and exquisite presentation.\n\n### 2.3 Italian Food Culture\n\nItalian food culture is popular for its simplicity and health, focusing on the original taste of ingredients, and emphasizing the freshness and quality of ingredients. Italian pasta, pizza and other Italian foods have become popular foods worldwide.\n\n### 2.4 Japanese Food Culture\n\nJapanese food culture is famous for its refinement and lightness, focusing on the freshness and seasonality of ingredients, and paying attention to the beauty and nutritional balance of food. Sushi, sashimi and other Japanese foods have become important parts of world cuisine.\n\n### 2.5 Indian Food Culture\n\nIndian food culture is famous for its rich spices and unique taste, focusing on the matching and seasoning of ingredients, and emphasizing the nutritional value of food. The characteristic of Indian cuisine lies in its complex spice combinations and unique cooking methods.\n\n## 3. The Inheritance of Food and Culture\n\n### 3.1 The Inheritance of Traditional Food\n\nTraditional food is an important way of cultural inheritance. Through cooking techniques and recipes passed down from generation to generation, culture is continued and developed.\n\n### 3.2 Food and Festivals\n\nIn many cultures, food is closely related to festivals and celebrations. Specific festivals have specific traditional foods, which become important parts of festival culture.\n\n### 3.3 Food and Family Culture\n\nFamily is an important place for cultural inheritance. Through family cooking and eating habits, culture is passed between generations.\n\n### 3.4 Food and Regional Culture\n\nFood in different regions reflects the local regional cultural characteristics. Through food, we can understand the local natural environment, historical traditions and lifestyle.\n\n## 4. Cultural Exchange of Food\n\n### 4.1 Globalization of Food\n\nWith the development of globalization, food from different countries and regions began to spread worldwide, forming a trend of food globalization.\n\n### 4.2 Fusion and Innovation of Food\n\nIn the process of cultural exchange, food from different cultures merge with each other, producing new food varieties and cooking methods, enriching world food culture.\n\n### 4.3 Food Tourism\n\nFood tourism has become a new form of tourism. People understand local cultural characteristics by tasting local food, promoting exchange and understanding between different cultures.\n\n### 4.4 Food and Cross-cultural Communication\n\nFood, as a universal language, can cross cultural barriers and promote exchange and understanding between different cultures.\n\n## 5. The Future of Food and Culture\n\n### 5.1 Combination of Tradition and Modernity\n\nIn modern society, traditional food needs to be combined with modern lifestyle, constantly innovating and developing, in order to maintain its vitality.\n\n### 5.2 Balance between Health and Food\n\nWith the increasing attention to health, healthy eating has become a trend. Food needs to pay attention to nutritional balance and health while maintaining deliciousness.\n\n### 5.3 Sustainable Development and Food\n\nThe concept of sustainable development has had a profound impact on the food industry. People began to pay attention to the source of ingredients and environmentally friendly cooking methods.\n\n### 5.4 Integration of Technology and Food\n\nThe development of technology has provided new possibilities for food innovation, such as molecular cuisine, intelligent cooking, etc., enriching the expression form of food.\n\n## 6. Conclusion\n\nFood and culture are intertwined and mutually influencing. Food is an important carrier of culture, reflecting the cultural characteristics of a region or nation; culture provides a deep foundation and rich connotation for the development of food. By understanding the food characteristics in different cultures, we can better understand and appreciate different cultures, and promote exchange and understanding between cultures.\n\nLet us explore the charm of different cultures and feel the diversity of the world through the window of food!', 'The Fusion of Food and Culture', 'Exploring how food reflects and inherits culture, as well as food characteristics in different cultures');

INSERT INTO article_categories (articleId, categoryId) VALUES
('5', '4');

INSERT INTO article_tags (articleId, tagId) VALUES
('5', '5');

-- 文章6: 教育的未来发展趋势
INSERT INTO articles (id, authorId, slug, status, isPremium, isPinned, coverImage, publishedAt, viewCount, aiGenerated) VALUES
('6', '1', 'future-education-trends', 'PUBLISHED', 0, 0, 'https://trae-api-cn.mchost.guru/api/ide/v1/text_to_image?prompt=future%20education%20technology%20classroom%20digital%20learning&image_size=landscape_16_9', '2024-01-06 00:00:00', 950, 1);

INSERT INTO article_translations (id, articleId, locale, title, excerpt, content, metaTitle, metaDescription) VALUES
('11', '6', 'zh', '教育的未来发展趋势', '探讨教育领域的创新和未来可能的发展方向', '# 教育的未来发展趋势\n\n教育是人类社会发展的重要基石，随着科技的不断进步和社会的快速发展，教育也在不断地变革和创新。\n\n## 一、教育技术的创新\n\n### 1. 人工智能在教育中的应用\n\n人工智能技术的发展为教育带来了新的可能性，如智能辅导系统、个性化学习平台、自动评估系统等。这些技术可以根据学生的学习情况和特点，提供个性化的学习内容和指导。\n\n### 2. 在线教育的发展\n\n在线教育的兴起打破了传统教育的时间和空间限制，使得学习更加灵活和便捷。通过在线平台，学生可以随时随地进行学习，选择适合自己的学习内容和节奏。\n\n### 3. 虚拟现实和增强现实技术的应用\n\n虚拟现实和增强现实技术为教育提供了更加沉浸式的学习体验，如虚拟实验室、虚拟博物馆等。这些技术可以让学生在虚拟环境中进行实践操作，提高学习效果。\n\n### 4. 大数据在教育中的应用\n\n大数据技术可以收集和分析学生的学习数据，帮助教师了解学生的学习情况和特点，从而提供更加个性化的教学方案。\n\n## 二、教育模式的变革\n\n### 1. 个性化学习\n\n个性化学习将成为未来教育的重要趋势，根据学生的兴趣、能力和学习风格，为每个学生提供定制化的学习方案。\n\n### 2. 项目式学习\n\n项目式学习强调学生通过完成实际项目来学习知识和技能，培养学生的问题解决能力、团队合作能力和创新能力。\n\n### 3. 混合式学习\n\n混合式学习结合了传统课堂教学和在线学习的优势，既保留了面对面教学的互动性，又利用了在线学习的灵活性。\n\n### 4. 终身学习\n\n随着知识更新换代的速度不断加快，终身学习将成为一种必然趋势，人们需要不断学习新的知识和技能，以适应社会的发展。\n\n## 三、教育内容的变化\n\n### 1. 跨学科知识的融合\n\n未来的教育将更加注重跨学科知识的融合，培养学生的综合能力和创新思维。\n\n### 2. 核心素养的培养\n\n核心素养如批判性思维、创造性思维、沟通能力、合作能力等将成为教育的重要内容，这些素养对于学生的未来发展至关重要。\n\n### 3. 全球视野的培养\n\n在全球化的背景下，教育将更加注重培养学生的全球视野，让学生了解不同国家和文化，增强国际理解和合作能力。\n\n### 4. 实践能力的培养\n\n实践能力的培养将成为教育的重要内容，通过实践活动，学生可以将理论知识与实际应用相结合，提高解决实际问题的能力。\n\n## 四、教育评价体系的改革\n\n### 1. 多元化评价\n\n未来的教育评价将更加多元化，不仅关注学生的学术成绩，还关注学生的综合能力和个性发展。\n\n### 2. 过程性评价\n\n过程性评价将成为教育评价的重要组成部分，关注学生的学习过程和进步，而不仅仅是最终的学习结果。\n\n### 3. 数字化评价\n\n数字化评价工具的应用将使得评价更加客观、准确和高效，为教育决策提供更加科学的依据。\n\n## 五、教师角色的转变\n\n### 1. 从知识传授者到学习引导者\n\n未来的教师将从传统的知识传授者转变为学习引导者，帮助学生制定学习计划，引导学生自主学习，培养学生的学习能力。\n\n### 2. 从单一学科教师到跨学科教师\n\n未来的教师需要具备跨学科的知识和能力，能够引导学生进行跨学科的学习和研究。\n\n### 3. 从教学者到教育研究者\n\n未来的教师需要不断进行教育研究，探索新的教学方法和策略，提高教学效果。\n\n## 六、教育公平与包容\n\n### 1. 教育资源的均衡分配\n\n未来的教育将更加注重教育资源的均衡分配，缩小城乡、区域之间的教育差距，确保每个学生都能获得优质的教育资源。\n\n### 2. 特殊教育的发展\n\n特殊教育将得到更多的关注和支持，为有特殊需要的学生提供适合的教育服务，促进教育的包容性。\n\n### 3. 教育机会的平等\n\n未来的教育将更加注重教育机会的平等，为每个学生提供平等的学习机会，无论其家庭背景、性别、种族等因素。\n\n## 七、教育与社会的融合\n\n### 1. 教育与产业的融合\n\n教育将更加注重与产业的融合，根据产业发展的需求，调整教育内容和培养目标，培养适合产业发展需要的人才。\n\n### 2. 教育与社区的融合\n\n教育将更加注重与社区的融合，利用社区资源开展教育活动，培养学生的社会责任感和实践能力。\n\n### 3. 教育与科技的融合\n\n教育将更加注重与科技的融合，利用科技手段提高教育质量和效率，培养学生的科技素养和创新能力。\n\n## 八、结论\n\n教育的未来充满了机遇和挑战，随着科技的不断进步和社会的快速发展，教育将不断地变革和创新。未来的教育将更加注重个性化、多元化、科技化和国际化，培养具有全球视野、创新精神和实践能力的高素质人才。\n\n让我们共同期待教育的未来，为教育的发展贡献自己的力量！', '教育的未来发展趋势', '探讨教育领域的创新和未来可能的发展方向'),
('12', '6', 'en', 'Future Development Trends in Education', 'Exploring innovations in the field of education and possible future directions', '# Future Development Trends in Education\n\nEducation is an important cornerstone of human social development. With the continuous progress of science and technology and the rapid development of society, education is also constantly changing and innovating.\n\n## 1. Innovation in Educational Technology\n\n### 1.1 Application of Artificial Intelligence in Education\n\nThe development of artificial intelligence technology has brought new possibilities for education, such as intelligent tutoring systems, personalized learning platforms, automatic assessment systems, etc. These technologies can provide personalized learning content and guidance according to students\' learning situation and characteristics.\n\n### 1.2 Development of Online Education\n\nThe rise of online education has broken the time and space limitations of traditional education, making learning more flexible and convenient. Through online platforms, students can learn anytime and anywhere, choosing learning content and rhythm that suits them.\n\n### 1.3 Application of Virtual Reality and Augmented Reality Technology\n\nVirtual reality and augmented reality technology provide more immersive learning experiences for education, such as virtual laboratories, virtual museums, etc. These technologies can allow students to conduct practical operations in virtual environments, improving learning effects.\n\n### 1.4 Application of Big Data in Education\n\nBig data technology can collect and analyze students\' learning data, helping teachers understand students\' learning situation and characteristics, thereby providing more personalized teaching plans.\n\n## 2. Transformation of Educational Models\n\n### 2.1 Personalized Learning\n\nPersonalized learning will become an important trend in future education, providing customized learning plans for each student according to their interests, abilities and learning styles.\n\n### 2.2 Project-based Learning\n\nProject-based learning emphasizes that students learn knowledge and skills by completing actual projects, cultivating students\' problem-solving ability, teamwork ability and innovation ability.\n\n### 2.3 Blended Learning\n\nBlended learning combines the advantages of traditional classroom teaching and online learning, retaining the interactivity of face-to-face teaching while utilizing the flexibility of online learning.\n\n### 2.4 Lifelong Learning\n\nWith the accelerating speed of knowledge updating, lifelong learning will become an inevitable trend. People need to constantly learn new knowledge and skills to adapt to social development.\n\n## 3. Changes in Educational Content\n\n### 3.1 Integration of Interdisciplinary Knowledge\n\nFuture education will pay more attention to the integration of interdisciplinary knowledge, cultivating students\' comprehensive ability and innovative thinking.\n\n### 3.2 Cultivation of Core Competencies\n\nCore competencies such as critical thinking, creative thinking, communication ability, and cooperation ability will become important content of education, which are crucial for students\' future development.\n\n### 3.3 Cultivation of Global Vision\n\nIn the context of globalization, education will pay more attention to cultivating students\' global vision, allowing students to understand different countries and cultures, and enhancing international understanding and cooperation ability.\n\n### 3.4 Cultivation of Practical Ability\n\nThe cultivation of practical ability will become an important content of education. Through practical activities, students can combine theoretical knowledge with practical application, improving their ability to solve practical problems.\n\n## 4. Reform of Educational Evaluation System\n\n### 4.1 Diversified Evaluation\n\nFuture educational evaluation will be more diversified, not only focusing on students\' academic achievements, but also on students\' comprehensive ability and personality development.\n\n### 4.2 Process Evaluation\n\nProcess evaluation will become an important part of educational evaluation, focusing on students\' learning process and progress, not just the final learning results.\n\n### 4.3 Digital Evaluation\n\nThe application of digital evaluation tools will make evaluation more objective, accurate and efficient, providing more scientific basis for educational decision-making.\n\n## 5. Transformation of Teacher Role\n\n### 5.1 From Knowledge Transmitter to Learning Guide\n\nFuture teachers will transform from traditional knowledge transmitters to learning guides, helping students develop learning plans, guiding students to learn independently, and cultivating students\' learning ability.\n\n### 5.2 From Single Subject Teacher to Interdisciplinary Teacher\n\nFuture teachers need to have interdisciplinary knowledge and ability, able to guide students in interdisciplinary learning and research.\n\n### 5.3 From Teacher to Educational Researcher\n\nFuture teachers need to continuously conduct educational research, explore new teaching methods and strategies, and improve teaching effects.\n\n## 6. Educational Equity and Inclusion\n\n### 6.1 Balanced Allocation of Educational Resources\n\nFuture education will pay more attention to the balanced allocation of educational resources, narrowing the educational gap between urban and rural areas, regions, and ensuring that every student can access high-quality educational resources.\n\n### 6.2 Development of Special Education\n\nSpecial education will receive more attention and support, providing appropriate educational services for students with special needs, promoting educational inclusion.\n\n### 6.3 Equality of Educational Opportunities\n\nFuture education will pay more attention to the equality of educational opportunities, providing equal learning opportunities for every student, regardless of their family background, gender, race and other factors.\n\n## 7. Integration of Education and Society\n\n### 7.1 Integration of Education and Industry\n\nEducation will pay more attention to integration with industry, adjusting educational content and training goals according to the needs of industrial development, and cultivating talents suitable for industrial development needs.\n\n### 7.2 Integration of Education and Community\n\nEducation will pay more attention to integration with the community, using community resources to carry out educational activities, cultivating students\' social responsibility and practical ability.\n\n### 7.3 Integration of Education and Technology\n\nEducation will pay more attention to integration with technology, using technological means to improve educational quality and efficiency, and cultivating students\' technological literacy and innovation ability.\n\n## 8. Conclusion\n\nThe future of education is full of opportunities and challenges. With the continuous progress of science and technology and the rapid development of society, education will continue to change and innovate. Future education will pay more attention to personalization, diversification, technology and internationalization, cultivating high-quality talents with global vision, innovative spirit and practical ability.\n\nLet us look forward to the future of education together and contribute our own strength to the development of education!', 'Future Development Trends in Education', 'Exploring innovations in the field of education and possible future directions');

INSERT INTO article_categories (articleId, categoryId) VALUES
('6', '6');

INSERT INTO article_tags (articleId, tagId) VALUES
('6', '7');

-- 文章7: 科学探索的魅力
INSERT INTO articles (id, authorId, slug, status, isPremium, isPinned, coverImage, publishedAt, viewCount, aiGenerated) VALUES
('7', '1', 'charm-of-scientific-exploration', 'PUBLISHED', 0, 0, 'https://trae-api-cn.mchost.guru/api/ide/v1/text_to_image?prompt=scientific%20exploration%20research%20laboratory%20discovery&image_size=landscape_16_9', '2024-01-07 00:00:00', 850, 1);

INSERT INTO article_translations (id, articleId, locale, title, excerpt, content, metaTitle, metaDescription) VALUES
('13', '7', 'zh', '科学探索的魅力', '探讨科学探索的意义和魅力，以及科学对人类社会的影响', '# 科学探索的魅力\n\n科学探索是人类认识世界、改造世界的重要途径，它不仅推动了人类社会的进步，也为我们带来了无穷的魅力和惊喜。\n\n## 一、科学探索的意义\n\n### 1. 认识自然世界\n\n科学探索帮助我们认识自然世界的奥秘，从微观的原子、分子到宏观的宇宙星系，科学让我们对世界有了更深刻的理解。\n\n### 2. 推动技术创新\n\n科学探索的成果为技术创新提供了理论基础，从蒸汽机的发明到互联网的普及，科学始终是技术进步的驱动力。\n\n### 3. 改善人类生活\n\n科学探索的成果直接改善了人类的生活质量，从医学的进步到农业的发展，科学让我们的生活更加美好。\n\n### 4. 培养科学精神\n\n科学探索培养了我们的科学精神，如怀疑精神、实证精神、创新精神等，这些精神对于个人和社会的发展都具有重要意义。\n\n## 二、科学探索的魅力所在\n\n### 1. 未知的神秘性\n\n科学探索面对的是未知的领域，这种神秘感吸引着科学家们不断探索，也让科学充满了魅力。\n\n### 2. 发现的惊喜\n\n当科学家们取得新的发现时，那种惊喜和成就感是无与伦比的，这种发现的喜悦也是科学的魅力之一。\n\n### 3. 思维的挑战\n\n科学探索需要科学家们进行深入的思考和分析，这种思维的挑战让科学充满了智力的魅力。\n\n### 4. 合作的力量\n\n现代科学探索往往需要团队合作，不同领域的科学家们共同努力，这种合作的力量也是科学的魅力之一。\n\n## 三、科学探索的历史 milestones\n\n### 1. 牛顿的万有引力定律\n\n牛顿发现的万有引力定律，解释了天体运动的规律，为经典物理学奠定了基础。\n\n### 2. 达尔文的进化论\n\n达尔文的进化论，揭示了生物进化的规律，改变了我们对生命起源和发展的认识。\n\n### 3. 爱因斯坦的相对论\n\n爱因斯坦的相对论，改变了我们对时间、空间和引力的认识，为现代物理学奠定了基础。\n\n### 4. DNA双螺旋结构的发现\n\nDNA双螺旋结构的发现，揭示了生命遗传的奥秘，为现代生物学和医学的发展奠定了基础。\n\n## 四、科学探索的方法\n\n### 1. 观察与实验\n\n观察和实验是科学探索的基本方法，通过观察自然现象，设计实验验证假设，科学家们不断推进科学的发展。\n\n### 2. 假说与验证\n\n科学家们通过提出假说，然后通过实验验证假说的正确性，这种方法是科学探索的重要途径。\n\n### 3. 理论与模型\n\n科学家们通过建立理论和模型，来解释自然现象，预测未来的发展，这种方法是科学探索的重要工具。\n\n### 4. 数学与计算\n\n数学和计算在科学探索中发挥着重要作用，它们帮助科学家们分析数据，建立模型，验证理论。\n\n## 五、科学探索的挑战与困难\n\n### 1. 技术限制\n\n科学探索常常受到技术条件的限制，如观测设备的精度、实验条件的控制等。\n\n### 2. 资金投入\n\n科学探索需要大量的资金投入，如大型实验设备的建设、研究人员的培养等。\n\n### 3. 知识的复杂性\n\n随着科学的发展，知识的复杂性不断增加，科学家们需要不断学习和更新知识。\n\n### 4. 社会的理解与支持\n\n科学探索需要社会的理解和支持，如公众对科学的认识、政府对科学的投入等。\n\n## 六、科学探索对人类社会的影响\n\n### 1. 经济发展\n\n科学探索的成果推动了经济的发展，如新技术的应用、新产业的形成等。\n\n### 2. 社会进步\n\n科学探索的成果促进了社会的进步，如医疗水平的提高、教育方式的改进等。\n\n### 3. 文化繁荣\n\n科学探索的成果丰富了人类的文化，如科学思想的传播、科学精神的弘扬等。\n\n### 4. 环境改善\n\n科学探索的成果有助于环境的改善，如清洁能源的开发、环境保护技术的应用等。\n\n## 七、未来的科学探索方向\n\n### 1. 量子科学\n\n量子科学的发展将为计算、通信等领域带来革命性的变化。\n\n### 2. 生命科学\n\n生命科学的发展将为医学、农业等领域带来新的突破。\n\n### 3. 宇宙探索\n\n宇宙探索将帮助我们更好地了解宇宙的起源和演化。\n\n### 4. 人工智能\n\n人工智能的发展将为各个领域带来智能化的变革。\n\n## 八、结论\n\n科学探索是人类进步的重要动力，它不仅为我们带来了物质上的进步，也为我们带来了精神上的满足。科学的魅力在于它对未知的探索，对真理的追求，以及对人类福祉的贡献。\n\n让我们尊重科学，支持科学探索，共同创造一个更加美好的未来！', '科学探索的魅力', '探讨科学探索的意义和魅力，以及科学对人类社会的影响'),
('14', '7', 'en', 'The Charm of Scientific Exploration', 'Exploring the meaning and charm of scientific exploration, as well as the impact of science on human society', '# The Charm of Scientific Exploration\n\nScientific exploration is an important way for humans to understand and transform the world. It not only promotes the progress of human society, but also brings us infinite charm and surprises.\n\n## 1. The Meaning of Scientific Exploration\n\n### 1.1 Understanding the Natural World\n\nScientific exploration helps us understand the mysteries of the natural world, from microscopic atoms and molecules to macroscopic cosmic galaxies. Science gives us a deeper understanding of the world.\n\n### 1.2 Promoting Technological Innovation\n\nThe results of scientific exploration provide a theoretical foundation for technological innovation. From the invention of the steam engine to the popularization of the Internet, science has always been the driving force behind technological progress.\n\n### 1.3 Improving Human Life\n\nThe results of scientific exploration directly improve the quality of human life. From advances in medicine to developments in agriculture, science makes our lives better.\n\n### 1.4 Cultivating Scientific Spirit\n\nScientific exploration cultivates our scientific spirit, such as skepticism, empirical spirit, innovation spirit, etc. These spirits are of great significance to the development of individuals and society.\n\n## 2. The Charm of Scientific Exploration\n\n### 2.1 The Mystery of the Unknown\n\nScientific exploration faces unknown fields. This sense of mystery attracts scientists to continue exploring and makes science full of charm.\n\n### 2.2 The Surprise of Discovery\n\nWhen scientists make new discoveries, the surprise and sense of accomplishment are unparalleled. This joy of discovery is also one of the charms of science.\n\n### 2.3 The Challenge of Thinking\n\nScientific exploration requires scientists to conduct in-depth thinking and analysis. This challenge of thinking makes science full of intellectual charm.\n\n### 2.4 The Power of Cooperation\n\nModern scientific exploration often requires teamwork. Scientists from different fields work together. This power of cooperation is also one of the charms of science.\n\n## 3. Historical Milestones in Scientific Exploration\n\n### 3.1 Newton\'s Law of Universal Gravitation\n\nNewton\'s discovery of the law of universal gravitation explained the laws of celestial motion and laid the foundation for classical physics.\n\n### 3.2 Darwin\'s Theory of Evolution\n\nDarwin\'s theory of evolution revealed the laws of biological evolution and changed our understanding of the origin and development of life.\n\n### 3.3 Einstein\'s Theory of Relativity\n\nEinstein\'s theory of relativity changed our understanding of time, space and gravity, and laid the foundation for modern physics.\n\n### 3.4 The Discovery of the DNA Double Helix Structure\n\nThe discovery of the DNA double helix structure revealed the mystery of life heredity and laid the foundation for the development of modern biology and medicine.\n\n## 4. Methods of Scientific Exploration\n\n### 4.1 Observation and Experiment\n\nObservation and experiment are the basic methods of scientific exploration. By observing natural phenomena and designing experiments to verify hypotheses, scientists continuously promote the development of science.\n\n### 4.2 Hypothesis and Verification\n\nScientists propose hypotheses and then verify the correctness of hypotheses through experiments. This method is an important way of scientific exploration.\n\n### 4.3 Theory and Model\n\nScientists explain natural phenomena and predict future development by establishing theories and models. This method is an important tool for scientific exploration.\n\n### 4.4 Mathematics and Calculation\n\nMathematics and calculation play an important role in scientific exploration. They help scientists analyze data, build models, and verify theories.\n\n## 5. Challenges and Difficulties in Scientific Exploration\n\n### 5.1 Technical Limitations\n\nScientific exploration is often limited by technical conditions, such as the precision of observation equipment and the control of experimental conditions.\n\n### 5.2 Financial Investment\n\nScientific exploration requires a lot of financial investment, such as the construction of large experimental equipment and the training of researchers.\n\n### 5.3 Complexity of Knowledge\n\nWith the development of science, the complexity of knowledge continues to increase. Scientists need to constantly learn and update their knowledge.\n\n### 5.4 Social Understanding and Support\n\nScientific exploration needs social understanding and support, such as public understanding of science and government investment in science.\n\n## 6. The Impact of Scientific Exploration on Human Society\n\n### 6.1 Economic Development\n\nThe results of scientific exploration promote economic development, such as the application of new technologies and the formation of new industries.\n\n### 6.2 Social Progress\n\nThe results of scientific exploration promote social progress, such as the improvement of medical standards and the improvement of educational methods.\n\n### 6.3 Cultural Prosperity\n\nThe results of scientific exploration enrich human culture, such as the spread of scientific ideas and the promotion of scientific spirit.\n\n### 6.4 Environmental Improvement\n\nThe results of scientific exploration contribute to environmental improvement, such as the development of clean energy and the application of environmental protection technologies.\n\n## 7. Future Directions of Scientific Exploration\n\n### 7.1 Quantum Science\n\nThe development of quantum science will bring revolutionary changes to computing, communication and other fields.\n\n### 7.2 Life Science\n\nThe development of life science will bring new breakthroughs to medicine, agriculture and other fields.\n\n### 7.3 Space Exploration\n\nSpace exploration will help us better understand the origin and evolution of the universe.\n\n### 7.4 Artificial Intelligence\n\nThe development of artificial intelligence will bring intelligent changes to various fields.\n\n## 8. Conclusion\n\nScientific exploration is an important driving force for human progress. It not only brings us material progress, but also brings us spiritual satisfaction. The charm of science lies in its exploration of the unknown, its pursuit of truth, and its contribution to human well-being.\n\nLet us respect science, support scientific exploration, and jointly create a better future!', 'The Charm of Scientific Exploration', 'Exploring the meaning and charm of scientific exploration, as well as the impact of science on human society');

INSERT INTO article_categories (articleId, categoryId) VALUES
('7', '8');

INSERT INTO article_tags (articleId, tagId) VALUES
('7', '9');

-- 文章8: 生活方式的选择与平衡
INSERT INTO articles (id, authorId, slug, status, isPremium, isPinned, coverImage, publishedAt, viewCount, aiGenerated) VALUES
('8', '1', 'lifestyle-choices-and-balance', 'PUBLISHED', 0, 0, 'https://trae-api-cn.mchost.guru/api/ide/v1/text_to_image?prompt=balanced%20lifestyle%20wellness%20work%20life%20balance&image_size=landscape_16_9', '2024-01-08 00:00:00', 750, 1);

INSERT INTO article_translations (id, articleId, locale, title, excerpt, content, metaTitle, metaDescription) VALUES
('15', '8', 'zh', '生活方式的选择与平衡', '探讨如何在现代社会中选择适合自己的生活方式，并保持生活的平衡', '# 生活方式的选择与平衡\n\n在快节奏的现代社会中，如何选择适合自己的生活方式并保持生活的平衡，成为了许多人面临的重要问题。\n\n## 一、生活方式的定义与重要性\n\n### 1. 生活方式的定义\n\n生活方式是指一个人或群体在日常生活中所表现出来的行为模式、价值观念和生活习惯的总和。\n\n### 2. 生活方式的重要性\n\n生活方式直接影响着我们的身心健康、生活质量和幸福感。选择一种健康、平衡的生活方式，对于我们的个人发展和社会和谐都具有重要意义。\n\n## 二、现代社会中的生活方式挑战\n\n### 1. 快节奏的生活\n\n现代社会的快节奏让许多人感到压力巨大，难以保持生活的平衡。\n\n### 2. 信息过载\n\n信息时代的到来，让我们每天面临大量的信息，容易导致注意力分散和精神疲劳。\n\n### 3. 消费主义的影响\n\n消费主义的盛行，让许多人陷入了物质追求的陷阱，忽视了精神层面的需求。\n\n### 4. 社交媒体的影响\n\n社交媒体的普及，让人们更容易受到他人生活的影响，产生攀比心理和焦虑情绪。\n\n## 三、如何选择适合自己的生活方式\n\n### 1. 了解自己的需求和价值观\n\n选择生活方式的前提是了解自己的需求和价值观，明确自己想要的生活是什么样的。\n\n### 2. 设定合理的目标\n\n根据自己的需求和价值观，设定合理的生活目标，包括职业、家庭、健康等方面。\n\n### 3. 培养良好的习惯\n\n培养良好的生活习惯，如规律作息、健康饮食、适量运动等，这些习惯是保持生活平衡的基础。\n\n### 4. 学会取舍\n\n在生活中，我们需要学会取舍，根据自己的优先级，做出合理的选择。\n\n## 四、保持生活平衡的方法\n\n### 1. 工作与生活的平衡\n\n合理安排工作时间，避免工作占据过多的生活时间，保持工作与生活的平衡。\n\n### 2. 身心的平衡\n\n关注自己的身心健康，定期进行身体检查，保持良好的心理状态。\n\n### 3. 个人与社会的平衡\n\n在关注个人需求的同时，也要关注社会的需求，积极参与社会活动，实现个人与社会的平衡。\n\n### 4. 物质与精神的平衡\n\n在追求物质生活的同时，也要注重精神生活的丰富，保持物质与精神的平衡。\n\n## 五、不同生活方式的案例分析\n\n### 1. 案例一：极简主义生活方式\n\n极简主义生活方式强调减少物质占有，注重生活的本质和品质。这种生活方式可以帮助人们减少物质负担，更加关注精神层面的需求。\n\n### 2. 案例二：数字游民生活方式\n\n数字游民生活方式是指利用互联网技术，在不同的地方工作和生活。这种生活方式可以让人们更加自由地安排自己的时间和空间。\n\n### 3. 案例三：可持续生活方式\n\n可持续生活方式强调减少对环境的影响，注重资源的合理利用。这种生活方式不仅对环境有益，也可以让人们更加健康地生活。\n\n## 六、如何适应生活方式的变化\n\n### 1. 保持开放的心态\n\n面对生活方式的变化，我们需要保持开放的心态，积极适应新的生活方式。\n\n### 2. 不断学习和调整\n\n生活方式的选择不是一成不变的，我们需要不断学习和调整，找到最适合自己的生活方式。\n\n### 3. 寻求支持和帮助\n\n在调整生活方式的过程中，我们可以寻求家人、朋友的支持和帮助，也可以寻求专业人士的指导。\n\n## 七、生活方式与幸福感的关系\n\n### 1. 生活方式对幸福感的影响\n\n研究表明，健康、平衡的生活方式可以提高人们的幸福感，而不健康、不平衡的生活方式则会降低人们的幸福感。\n\n### 2. 如何通过生活方式提升幸福感\n\n- 培养良好的生活习惯\n- 保持积极的心态\n- 建立良好的人际关系\n- 参与有意义的活动\n- 关注身心健康\n\n## 八、结论\n\n生活方式的选择是一个个人化的过程，每个人都需要根据自己的需求和价值观，选择适合自己的生活方式。同时，我们也需要保持生活的平衡，在工作与生活、身心、个人与社会、物质与精神等方面找到平衡点。\n\n让我们选择一种健康、平衡的生活方式，享受生活的美好，实现自己的人生价值！', '生活方式的选择与平衡', '探讨如何在现代社会中选择适合自己的生活方式，并保持生活的平衡'),
('16', '8', 'en', 'Lifestyle Choices and Balance', 'Exploring how to choose a suitable lifestyle and maintain life balance in modern society', '# Lifestyle Choices and Balance\n\nIn the fast-paced modern society, how to choose a suitable lifestyle and maintain life balance has become an important issue for many people.\n\n## 1. Definition and Importance of Lifestyle\n\n### 1.1 Definition of Lifestyle\n\nLifestyle refers to the sum of behavioral patterns, values and living habits displayed by a person or group in daily life.\n\n### 1.2 Importance of Lifestyle\n\nLifestyle directly affects our physical and mental health, quality of life and happiness. Choosing a healthy and balanced lifestyle is of great significance for our personal development and social harmony.\n\n## 2. Lifestyle Challenges in Modern Society\n\n### 2.1 Fast-paced Life\n\nThe fast pace of modern society makes many people feel great pressure and difficult to maintain life balance.\n\n### 2.2 Information Overload\n\nThe arrival of the information age makes us face a lot of information every day, which easily leads to distraction and mental fatigue.\n\n### 2.3 Influence of Consumerism\n\nThe prevalence of consumerism makes many people fall into the trap of material pursuit and ignore spiritual needs.\n\n### 2.4 Influence of Social Media\n\nThe popularity of social media makes people more susceptible to the influence of others\' lives, resulting in comparison psychology and anxiety.\n\n## 3. How to Choose a Suitable Lifestyle\n\n### 3.1 Understand Your Needs and Values\n\nThe premise of choosing a lifestyle is to understand your own needs and values, and clarify what kind of life you want.\n\n### 3.2 Set Reasonable Goals\n\nAccording to your own needs and values, set reasonable life goals, including career, family, health and other aspects.\n\n### 3.3 Cultivate Good Habits\n\nCultivate good living habits, such as regular work and rest, healthy diet, moderate exercise, etc. These habits are the basis for maintaining life balance.\n\n### 3.4 Learn to Make Choices\n\nIn life, we need to learn to make choices, make reasonable choices according to our priorities.\n\n## 4. Methods to Maintain Life Balance\n\n### 4.1 Balance between Work and Life\n\nReasonably arrange working time, avoid work occupying too much life time, and maintain the balance between work and life.\n\n### 4.2 Balance between Body and Mind\n\nPay attention to your physical and mental health, conduct regular physical examinations, and maintain a good mental state.\n\n### 4.3 Balance between Individual and Society\n\nWhile paying attention to individual needs, we should also pay attention to social needs, actively participate in social activities, and realize the balance between individual and society.\n\n### 4.4 Balance between Material and Spiritual\n\nWhile pursuing material life, we should also pay attention to the richness of spiritual life, and maintain the balance between material and spiritual.\n\n## 5. Case Analysis of Different Lifestyles\n\n### 5.1 Case 1: Minimalist Lifestyle\n\nMinimalist lifestyle emphasizes reducing material possession and focusing on the essence and quality of life. This lifestyle can help people reduce material burden and pay more attention to spiritual needs.\n\n### 5.2 Case 2: Digital Nomad Lifestyle\n\nDigital nomad lifestyle refers to using Internet technology to work and live in different places. This lifestyle allows people to arrange their time and space more freely.\n\n### 5.3 Case 3: Sustainable Lifestyle\n\nSustainable lifestyle emphasizes reducing the impact on the environment and focusing on the rational use of resources. This lifestyle is not only beneficial to the environment, but also allows people to live more healthily.\n\n## 6. How to Adapt to Lifestyle Changes\n\n### 6.1 Keep an Open Mind\n\nFacing lifestyle changes, we need to keep an open mind and actively adapt to new lifestyles.\n\n### 6.2 Continuous Learning and Adjustment\n\nThe choice of lifestyle is not一成不变. We need to constantly learn and adjust to find the most suitable lifestyle for ourselves.\n\n### 6.3 Seek Support and Help\n\nIn the process of adjusting lifestyle, we can seek the support and help of family and friends, and also seek the guidance of professionals.\n\n## 7. The Relationship between Lifestyle and Happiness\n\n### 7.1 The Impact of Lifestyle on Happiness\n\nStudies have shown that a healthy and balanced lifestyle can improve people\'s happiness, while an unhealthy and unbalanced lifestyle can reduce people\'s happiness.\n\n### 7.2 How to Improve Happiness through Lifestyle\n\n- Cultivate good living habits\n- Maintain a positive attitude\n- Establish good interpersonal relationships\n- Participate in meaningful activities\n- Pay attention to physical and mental health\n\n## 8. Conclusion\n\nThe choice of lifestyle is a personal process. Everyone needs to choose a suitable lifestyle according to their own needs and values. At the same time, we also need to maintain life balance, finding a balance between work and life, body and mind, individual and society, material and spiritual.\n\nLet us choose a healthy and balanced lifestyle, enjoy the beauty of life, and realize our life value!', 'Lifestyle Choices and Balance', 'Exploring how to choose a suitable lifestyle and maintain life balance in modern society');

INSERT INTO article_categories (articleId, categoryId) VALUES
('8', '2');

INSERT INTO article_tags (articleId, tagId) VALUES
('8', '3');

-- 文章9: 旅行中的摄影技巧
INSERT INTO articles (id, authorId, slug, status, isPremium, isPinned, coverImage, publishedAt, viewCount, aiGenerated) VALUES
('9', '1', 'travel-photography-tips', 'PUBLISHED', 0, 0, 'https://trae-api-cn.mchost.guru/api/ide/v1/text_to_image?prompt=travel%20photography%20landscape%20photographer%20camera&image_size=landscape_16_9', '2024-01-09 00:00:00', 1050, 1);

INSERT INTO article_translations (id, articleId, locale, title, excerpt, content, metaTitle, metaDescription) VALUES
('17', '9', 'zh', '旅行中的摄影技巧', '分享旅行中拍摄美丽照片的技巧和方法', '# 旅行中的摄影技巧\n\n旅行是一种美好的体验，而摄影则是记录这些美好瞬间的重要方式。掌握一些旅行摄影技巧，可以让我们拍摄出更加美丽、生动的照片。\n\n## 一、旅行摄影的准备工作\n\n### 1. 设备准备\n\n根据旅行的目的地和类型，选择合适的摄影设备，如相机、镜头、三脚架、闪光灯等。\n\n### 2. 了解目的地\n\n在旅行前，了解目的地的风景特点、天气情况、光线条件等，为拍摄做好准备。\n\n### 3. 学习基本摄影知识\n\n掌握基本的摄影知识，如曝光、构图、用光等，为拍摄做好技术准备。\n\n## 二、构图技巧\n\n### 1. 三分法构图\n\n将画面分为九宫格，将主体放在交叉点上，这样的构图更加美观、平衡。\n\n### 2. 引导线构图\n\n利用道路、河流、山脉等自然线条，引导观众的视线，增强画面的深度和纵深感。\n\n### 3. 框架构图\n\n利用门框、窗户、树枝等元素作为框架，突出主体，增加画面的层次感。\n\n### 4. 对称构图\n\n利用对称的元素，如建筑、倒影等，创造平衡、和谐的画面。\n\n## 三、用光技巧\n\n### 1. 黄金时间\n\n利用日出和日落前后的黄金时间进行拍摄，此时的光线柔和、温暖，能够创造出美丽的画面。\n\n### 2. 侧光\n\n侧光可以突出物体的质感和立体感，适合拍摄风景、建筑等。\n\n### 3. 逆光\n\n逆光可以创造出剪影效果，增加画面的艺术感和氛围感。\n\n### 4. 散射光\n\n在阴天或阴影下，利用散射光进行拍摄，可以获得柔和、均匀的光线效果。\n\n## 四、不同场景的拍摄技巧\n\n### 1. 风景摄影\n\n- 选择合适的前景，增加画面的层次感\n- 利用广角镜头，展现广阔的视野\n- 注意天空和地面的比例，保持画面的平衡\n- 使用三脚架，确保画面的清晰度\n\n### 2. 建筑摄影\n\n- 注意线条的透视效果\n- 选择合适的角度，突出建筑的特点\n- 利用反射和倒影，增加画面的趣味性\n- 注意光线的方向，突出建筑的质感\n\n### 3. 人像摄影\n\n- 选择合适的背景，避免杂乱\n- 注意光线的方向，避免强光直射\n- 捕捉自然的表情和动作\n- 利用环境元素，增加画面的故事性\n\n### 4. 街拍\n\n- 保持警觉，捕捉瞬间的精彩\n- 利用长焦镜头，保持适当的距离\n- 注意构图的平衡和美感\n- 尊重被拍摄者的隐私\n\n## 五、后期处理技巧\n\n### 1. 基本调整\n\n调整曝光、对比度、色彩平衡等基本参数，使画面更加美观。\n\n### 2. 裁剪和构图\n\n通过裁剪，调整画面的构图，突出主体。\n\n### 3. 滤镜应用\n\n根据画面的风格，应用适当的滤镜，增强画面的氛围。\n\n### 4. 局部调整\n\n对画面的局部进行调整，如提亮暗部、压暗亮部等，使画面更加平衡。\n\n## 六、旅行摄影的注意事项\n\n### 1. 尊重当地文化\n\n在拍摄时，尊重当地的文化和习俗，避免拍摄禁忌的内容。\n\n### 2. 注意安全\n\n在拍摄时，注意自身安全，避免在危险的地方拍摄。\n\n### 3. 保护设备\n\n注意保护摄影设备，避免损坏或丢失。\n\n### 4. 合理安排时间\n\n合理安排拍摄时间，不要因为拍摄而影响旅行的体验。\n\n## 七、旅行摄影的意义\n\n### 1. 记录美好瞬间\n\n旅行摄影可以记录旅途中的美好瞬间，让这些记忆永远保存。\n\n### 2. 分享旅行体验\n\n通过摄影作品，我们可以与他人分享旅行的体验和感受。\n\n### 3. 提高观察力\n\n摄影可以培养我们的观察力，让我们更加关注生活中的细节和美好。\n\n### 4. 表达个人情感\n\n摄影是一种表达个人情感和观点的方式，通过镜头，我们可以表达对世界的理解和感受。\n\n## 八、结论\n\n旅行摄影是一种美好的体验，它不仅可以记录旅途中的美好瞬间，还可以提高我们的观察力和艺术鉴赏能力。掌握一些旅行摄影技巧，可以让我们拍摄出更加美丽、生动的照片，为旅行留下更加珍贵的回忆。\n\n让我们带着相机，踏上旅行的征程，用镜头记录世界的美好！', '旅行中的摄影技巧', '分享旅行中拍摄美丽照片的技巧和方法'),
('18', '9', 'en', 'Travel Photography Tips', 'Sharing tips and methods for taking beautiful photos during travel', '# Travel Photography Tips\n\nTravel is a wonderful experience, and photography is an important way to record these beautiful moments. Mastering some travel photography skills can help us take more beautiful and vivid photos.\n\n## 1. Preparation for Travel Photography\n\n### 1.1 Equipment Preparation\n\nChoose appropriate photography equipment according to the destination and type of travel, such as camera, lens, tripod, flash, etc.\n\n### 1.2 Understand the Destination\n\nBefore traveling, understand the landscape characteristics, weather conditions, light conditions of the destination, and prepare for shooting.\n\n### 1.3 Learn Basic Photography Knowledge\n\nMaster basic photography knowledge, such as exposure, composition, lighting, etc., to prepare for shooting.\n\n## 2. Composition Skills\n\n### 2.1 Rule of Thirds\n\nDivide the picture into nine grids and place the subject on the intersection points. This composition is more beautiful and balanced.\n\n### 2.2 Leading Lines\n\nUse natural lines such as roads, rivers, mountains, etc. to guide the audience\'s sight and enhance the depth and perspective of the picture.\n\n### 2.3 Frame Composition\n\nUse elements such as door frames, windows, branches as frames to highlight the subject and increase the layering of the picture.\n\n### 2.4 Symmetrical Composition\n\nUse symmetrical elements such as buildings, reflections, etc. to create a balanced and harmonious picture.\n\n## 3. Lighting Skills\n\n### 3.1 Golden Hour\n\nShoot during the golden hour before sunrise and after sunset. The light at this time is soft and warm, which can create beautiful pictures.\n\n### 3.2 Side Light\n\nSide light can highlight the texture and three-dimensional sense of objects, suitable for shooting landscapes, buildings, etc.\n\n### 3.3 Backlight\n\nBacklight can create silhouette effects and increase the artistic sense and atmosphere of the picture.\n\n### 3.4 Diffused Light\n\nShoot in cloudy days or under shadows, using diffused light, you can get soft and uniform light effects.\n\n## 4. Shooting Skills for Different Scenes\n\n### 4.1 Landscape Photography\n\n- Choose appropriate foreground to increase the layering of the picture\n- Use wide-angle lens to show a wide field of view\n- Pay attention to the proportion of sky and ground to maintain the balance of the picture\n- Use tripod to ensure the clarity of the picture\n\n### 4.2 Architectural Photography\n\n- Pay attention to the perspective effect of lines\n- Choose appropriate angles to highlight the characteristics of buildings\n- Use reflections and倒影 to increase the interest of the picture\n- Pay attention to the direction of light to highlight the texture of buildings\n\n### 4.3 Portrait Photography\n\n- Choose appropriate background to avoid clutter\n- Pay attention to the direction of light to avoid direct强光\n- Capture natural expressions and movements\n- Use environmental elements to increase the storytelling of the picture\n\n### 4.4 Street Photography\n\n- Stay alert and capture the wonderful moments\n- Use telephoto lens to maintain appropriate distance\n- Pay attention to the balance and beauty of composition\n- Respect the privacy of the photographed\n\n## 5. Post-processing Skills\n\n### 5.1 Basic Adjustment\n\nAdjust basic parameters such as exposure, contrast, color balance, etc. to make the picture more beautiful.\n\n### 5.2 Cropping and Composition\n\nAdjust the composition of the picture through cropping to highlight the subject.\n\n### 5.3 Filter Application\n\nApply appropriate filters according to the style of the picture to enhance the atmosphere of the picture.\n\n### 5.4 Local Adjustment\n\nAdjust the local part of the picture, such as brightening dark areas, darkening bright areas, etc., to make the picture more balanced.\n\n## 6. Notes for Travel Photography\n\n### 6.1 Respect Local Culture\n\nWhen shooting, respect local culture and customs, avoid shooting taboo content.\n\n### 6.2 Pay Attention to Safety\n\nWhen shooting, pay attention to your own safety, avoid shooting in dangerous places.\n\n### 6.3 Protect Equipment\n\nPay attention to protecting photography equipment to avoid damage or loss.\n\n### 6.4 Arrange Time Reasonably\n\nArrange shooting time reasonably, do not affect the travel experience because of shooting.\n\n## 7. The Significance of Travel Photography\n\n### 7.1 Record Beautiful Moments\n\nTravel photography can record beautiful moments during the journey, keeping these memories forever.\n\n### 7.2 Share Travel Experience\n\nThrough photography works, we can share travel experiences and feelings with others.\n\n### 7.3 Improve Observation Ability\n\nPhotography can cultivate our observation ability, making us more concerned about the details and beauty in life.\n\n### 7.4 Express Personal Emotions\n\nPhotography is a way to express personal emotions and opinions. Through the lens, we can express our understanding and feelings about the world.\n\n## 8. Conclusion\n\nTravel photography is a wonderful experience. It can not only record beautiful moments during the journey, but also improve our observation ability and artistic appreciation ability. Mastering some travel photography skills can help us take more beautiful and vivid photos, leaving more precious memories for travel.\n\nLet\'s take our cameras, embark on the journey, and record the beauty of the world with the lens!', 'Travel Photography Tips', 'Sharing tips and methods for taking beautiful photos during travel');

INSERT INTO article_categories (articleId, categoryId) VALUES
('9', '3');

INSERT INTO article_tags (articleId, tagId) VALUES
('9', '4');

-- 文章10: 科技如何改变我们的生活
INSERT INTO articles (id, authorId, slug, status, isPremium, isPinned, coverImage, publishedAt, viewCount, aiGenerated) VALUES
('10', '1', 'how-technology-changes-our-lives', 'PUBLISHED', 0, 0, 'https://trae-api-cn.mchost.guru/api/ide/v1/text_to_image?prompt=technology%20digital%20life%20smart%20home%20future&image_size=landscape_16_9', '2024-01-10 00:00:00', 1300, 1);

INSERT INTO article_translations (id, articleId, locale, title, excerpt, content, metaTitle, metaDescription) VALUES
('19', '10', 'zh', '科技如何改变我们的生活', '探讨科技发展对我们日常生活的影响和改变', '# 科技如何改变我们的生活\n\n科技的快速发展正在深刻地改变着我们的生活方式、工作方式和思维方式。从智能手机到人工智能，从互联网到物联网，科技的进步为我们带来了前所未有的便利和机遇。\n\n## 一、科技对日常生活的影响\n\n### 1. 通讯方式的改变\n\n从传统的书信、电话到现在的即时通讯、视频通话，科技让我们的通讯方式更加便捷、高效。\n\n### 2. 购物方式的改变\n\n电子商务的兴起，让我们可以足不出户就能购买到各种商品，极大地改变了我们的购物方式。\n\n### 3. 娱乐方式的改变\n\n从传统的电视、电影到现在的流媒体、虚拟现实，科技为我们提供了更加丰富、多样的娱乐方式。\n\n### 4. 出行方式的改变\n\n从传统的公共交通到现在的网约车、共享出行，科技让我们的出行更加便捷、灵活。\n\n## 二、科技对工作方式的影响\n\n### 1. 远程办公\n\n互联网和视频会议技术的发展，让远程办公成为可能，改变了传统的办公模式。\n\n### 2. 自动化和智能化\n\n人工智能和自动化技术的应用，提高了工作效率，改变了工作方式。\n\n### 3. 协作方式的改变\n\n云计算和协作工具的应用，让团队协作更加高效、便捷。\n\n### 4. 职业结构的变化\n\n科技的发展催生了新的职业，同时也淘汰了一些传统的职业。\n\n## 三、科技对教育的影响\n\n### 1. 在线教育\n\n在线教育平台的发展，让教育资源更加普及，学习方式更加灵活。\n\n### 2. 个性化学习\n\n人工智能技术的应用，让个性化学习成为可能，提高了学习效果。\n\n### 3. 教育资源的共享\n\n互联网技术的发展，让优质教育资源可以在全球范围内共享。\n\n### 4. 教学方式的创新\n\n虚拟现实、增强现实等技术的应用，为教学方式带来了创新。\n\n## 四、科技对医疗的影响\n\n### 1. 诊断技术的进步\n\n医学影像技术、基因检测技术等的发展，提高了疾病的诊断准确性。\n\n### 2. 治疗方法的创新\n\n微创手术、靶向治疗等技术的应用，提高了治疗效果，减少了患者的痛苦。\n\n### 3. 医疗服务的便捷化\n\n在线问诊、远程医疗等服务的发展，让医疗服务更加便捷。\n\n### 4. 健康管理的智能化\n\n智能穿戴设备、健康管理 apps 等的应用，让健康管理更加智能化。\n\n## 五、科技对社会的影响\n\n### 1. 社会连接的加强\n\n社交媒体的发展，让人们的社会连接更加紧密。\n\n### 2. 信息传播的加速\n\n互联网技术的发展，让信息传播更加快速、广泛。\n\n### 3. 社会治理的智能化\n\n大数据、人工智能等技术的应用，让社会治理更加智能化。\n\n### 4. 文化交流的加深\n\n互联网技术的发展，促进了不同文化之间的交流和融合。\n\n## 六、科技发展带来的挑战\n\n### 1. 隐私问题\n\n科技的发展带来了隐私泄露的风险，如何保护个人隐私成为一个重要问题。\n\n### 2. 数字鸿沟\n\n不同地区、不同群体之间的数字鸿沟，可能会加剧社会不平等。\n\n### 3. 技术依赖\n\n过度依赖科技，可能会导致人类的某些能力退化。\n\n### 4. 伦理问题\n\n人工智能等技术的发展，带来了一系列伦理问题，如 AI 决策的责任归属等。\n\n## 七、如何应对科技发展带来的挑战\n\n### 1. 加强法律法规建设\n\n制定和完善相关法律法规，规范科技的发展和应用。\n\n### 2. 提高数字素养\n\n加强数字素养教育，提高人们应对科技挑战的能力。\n\n### 3. 促进科技伦理研究\n\n加强科技伦理研究，引导科技的健康发展。\n\n### 4. 推动科技普惠\n\n努力缩小数字鸿沟，让科技发展的成果惠及更多人。\n\n## 八、未来科技发展的趋势\n\n### 1. 人工智能的进一步发展\n\n人工智能技术将更加智能化、个性化，应用领域将更加广泛。\n\n### 2. 物联网的普及\n\n物联网技术将更加普及，实现万物互联。\n\n### 3. 量子计算的突破\n\n量子计算技术将取得重大突破，为科技发展带来新的机遇。\n\n### 4. 生物技术的进步\n\n生物技术将取得重大进步，为医疗、农业等领域带来新的突破。\n\n## 九、结论\n\n科技的发展正在深刻地改变着我们的生活，它为我们带来了前所未有的便利和机遇，同时也带来了一些挑战。我们需要积极应对这些挑战，引导科技的健康发展，让科技更好地为人类服务。\n\n让我们拥抱科技，利用科技的力量，创造更加美好的未来！', '科技如何改变我们的生活', '探讨科技发展对我们日常生活的影响和改变'),
('20', '10', 'en', 'How Technology Changes Our Lives', 'Exploring the impact and changes of technological development on our daily lives', '# How Technology Changes Our Lives\n\nThe rapid development of technology is profoundly changing our way of life, work and thinking. From smart phones to artificial intelligence, from the Internet to the Internet of Things, technological progress has brought us unprecedented convenience and opportunities.\n\n## 1. The Impact of Technology on Daily Life\n\n### 1.1 Changes in Communication Methods\n\nFrom traditional letters, telephones to now instant messaging, video calls, technology has made our communication methods more convenient and efficient.\n\n### 1.2 Changes in Shopping Methods\n\nThe rise of e-commerce allows us to purchase various goods without leaving home, which has greatly changed our shopping methods.\n\n### 1.3 Changes in Entertainment Methods\n\nFrom traditional television, movies to now streaming media, virtual reality, technology provides us with more rich and diverse entertainment methods.\n\n### 1.4 Changes in Travel Methods\n\nFrom traditional public transportation to now ride-hailing, shared travel, technology makes our travel more convenient and flexible.\n\n## 2. The Impact of Technology on Work Methods\n\n### 2.1 Remote Work\n\nThe development of the Internet and video conferencing technology makes remote work possible, changing the traditional office mode.\n\n### 2.2 Automation and Intelligence\n\nThe application of artificial intelligence and automation technology improves work efficiency and changes work methods.\n\n### 2.3 Changes in Collaboration Methods\n\nThe application of cloud computing and collaboration tools makes team collaboration more efficient and convenient.\n\n### 2.4 Changes in Occupational Structure\n\nThe development of technology has spawned new occupations, while also eliminating some traditional occupations.\n\n## 3. The Impact of Technology on Education\n\n### 3.1 Online Education\n\nThe development of online education platforms makes educational resources more popular and learning methods more flexible.\n\n### 3.2 Personalized Learning\n\nThe application of artificial intelligence technology makes personalized learning possible and improves learning effects.\n\n### 3.3 Sharing of Educational Resources\n\nThe development of Internet technology allows high-quality educational resources to be shared globally.\n\n### 3.4 Innovation in Teaching Methods\n\nThe application of virtual reality, augmented reality and other technologies has brought innovation to teaching methods.\n\n## 4. The Impact of Technology on Healthcare\n\n### 4.1 Progress in Diagnostic Technology\n\nThe development of medical imaging technology, gene detection technology, etc. improves the accuracy of disease diagnosis.\n\n### 4.2 Innovation in Treatment Methods\n\nThe application of minimally invasive surgery, targeted therapy and other technologies improves treatment effects and reduces patient suffering.\n\n### 4.3 Convenience of Medical Services\n\nThe development of online consultation, telemedicine and other services makes medical services more convenient.\n\n### 4.4 Intelligence of Health Management\n\nThe application of smart wearable devices, health management apps, etc. makes health management more intelligent.\n\n## 5. The Impact of Technology on Society\n\n### 5.1 Strengthening of Social Connections\n\nThe development of social media makes people\'s social connections closer.\n\n### 5.2 Acceleration of Information Dissemination\n\nThe development of Internet technology makes information dissemination faster and wider.\n\n### 5.3 Intelligence of Social Governance\n\nThe application of big data, artificial intelligence and other technologies makes social governance more intelligent.\n\n### 5.4 Deepening of Cultural Exchange\n\nThe development of Internet technology promotes the exchange and integration between different cultures.\n\n## 6. Challenges Brought by Technological Development\n\n### 6.1 Privacy Issues\n\nThe development of technology brings the risk of privacy leakage, and how to protect personal privacy becomes an important issue.\n\n### 6.2 Digital Divide\n\nThe digital divide between different regions and different groups may exacerbate social inequality.\n\n### 6.3 Technology Dependence\n\nExcessive dependence on technology may lead to the degradation of some human abilities.\n\n### 6.4 Ethical Issues\n\nThe development of artificial intelligence and other technologies has brought a series of ethical issues, such as the attribution of AI decision-making responsibility.\n\n## 7. How to Deal with the Challenges Brought by Technological Development\n\n### 7.1 Strengthen the Construction of Laws and Regulations\n\nFormulate and improve relevant laws and regulations to standardize the development and application of technology.\n\n### 7.2 Improve Digital Literacy\n\nStrengthen digital literacy education and improve people\'s ability to deal with technological challenges.\n\n### 7.3 Promote Research on Technology Ethics\n\nStrengthen research on technology ethics and guide the healthy development of technology.\n\n### 7.4 Promote Technology Inclusion\n\nStrive to narrow the digital divide and make the achievements of technological development benefit more people.\n\n## 8. Future Trends of Technological Development\n\n### 8.1 Further Development of Artificial Intelligence\n\nArtificial intelligence technology will be more intelligent and personalized, and the application fields will be more extensive.\n\n### 8.2 Popularization of the Internet of Things\n\nThe Internet of Things technology will be more popular, realizing the interconnection of everything.\n\n### 8.3 Breakthrough in Quantum Computing\n\nQuantum computing technology will make major breakthroughs, bringing new opportunities for technological development.\n\n### 8.4 Progress in Biotechnology\n\nBiotechnology will make major progress, bringing new breakthroughs to medical, agricultural and other fields.\n\n## 9. Conclusion\n\nThe development of technology is profoundly changing our lives. It has brought us unprecedented convenience and opportunities, while also bringing some challenges. We need to actively respond to these challenges, guide the healthy development of technology, and let technology better serve humanity.\n\nLet us embrace technology, use the power of technology, and create a better future!', 'How Technology Changes Our Lives', 'Exploring the impact and changes of technological development on our daily lives');

INSERT INTO article_categories (articleId, categoryId) VALUES
('10', '1');

INSERT INTO article_tags (articleId, tagId) VALUES
('10', '1'),
('10', '10');

-- 文章11: 健康饮食的重要性
INSERT INTO articles (id, authorId, slug, status, isPremium, isPinned, coverImage, publishedAt, viewCount, aiGenerated) VALUES
('11', '1', 'importance-of-healthy-diet', 'PUBLISHED', 0, 0, 'https://trae-api-cn.mchost.guru/api/ide/v1/text_to_image?prompt=healthy%20diet%20nutrition%20fresh%20vegetables%20fruits&image_size=landscape_16_9', '2024-01-11 00:00:00', 950, 1);

INSERT INTO article_translations (id, articleId, locale, title, excerpt, content, metaTitle, metaDescription) VALUES
('21', '11', 'zh', '健康饮食的重要性', '探讨健康饮食对身体健康的影响和重要性', '# 健康饮食的重要性\n\n健康饮食是保持身体健康的重要基础，它不仅可以提供身体所需的营养，还可以预防多种慢性疾病。\n\n## 一、健康饮食的定义

健康饮食是指摄入均衡的营养，包括蛋白质、碳水化合物、脂肪、维生素和矿物质等，同时避免摄入过多的热量、盐分和糖分。\n
## 二、健康饮食的重要性

### 1. 提供身体所需的营养

健康饮食可以为身体提供所需的各种营养物质，维持身体的正常运转。

### 2. 预防慢性疾病

健康饮食可以预防多种慢性疾病，如高血压、糖尿病、心脏病等。

### 3. 提高免疫力

健康饮食可以提高身体的免疫力，增强身体对疾病的抵抗力。

### 4. 维持健康体重

健康饮食可以帮助维持健康的体重，减少肥胖的风险。

### 5. 提高生活质量

健康饮食可以提高身体的健康水平，从而提高生活质量。

## 三、健康饮食的原则

### 1. 多样化

饮食应该多样化，摄入各种不同的食物，以获取全面的营养。

### 2. 均衡

饮食应该均衡，各种营养物质的摄入应该合理搭配。

### 3. 适量

饮食应该适量，避免过度摄入或摄入不足。

### 4. 新鲜

饮食应该选择新鲜的食物，避免食用过期或变质的食物。

## 四、健康饮食的具体建议

### 1. 多吃蔬菜水果

蔬菜水果富含维生素、矿物质和膳食纤维，应该每天摄入足够的量。

### 2. 适量摄入蛋白质

蛋白质是身体的重要组成部分，应该适量摄入，包括瘦肉、鱼类、豆类等。

### 3. 选择健康的脂肪

脂肪是身体的重要能量来源，应该选择健康的脂肪，如橄榄油、坚果等。

### 4. 控制碳水化合物的摄入

碳水化合物是身体的主要能量来源，应该选择复杂碳水化合物，如全谷物、薯类等。

### 5. 控制盐分和糖分的摄入

过多的盐分和糖分会对身体健康造成危害，应该控制摄入量。

### 6. 多喝水

水是身体的重要组成部分，应该每天摄入足够的水分。

## 五、不同人群的健康饮食建议

### 1. 儿童

儿童正处于生长发育阶段，需要摄入足够的营养，应该多吃富含蛋白质、钙、铁等营养物质的食物。

### 2. 青少年

青少年正处于生长发育的关键时期，需要摄入足够的营养，同时应该注意控制热量的摄入，避免肥胖。

### 3. 成年人

成年人应该保持均衡的饮食，注意控制热量的摄入，避免肥胖和慢性疾病。

### 4. 老年人

老年人的身体机能逐渐下降，需要摄入足够的营养，同时应该注意食物的消化吸收。

## 六、健康饮食的误区

### 1. 过度节食

过度节食会导致营养摄入不足，影响身体健康。

### 2. 单一食物减肥

单一食物减肥会导致营养不均衡，影响身体健康。

### 3. 完全拒绝脂肪

脂肪是身体的重要能量来源，完全拒绝脂肪会影响身体健康。

### 4. 过度依赖营养补充剂

营养补充剂不能替代食物，过度依赖营养补充剂会影响身体健康。

## 七、如何培养健康的饮食习惯

### 1. 制定合理的饮食计划

制定合理的饮食计划，包括每天的食物种类和摄入量。

### 2. 培养良好的饮食习惯

培养良好的饮食习惯，如定时定量进餐、细嚼慢咽等。

### 3. 学习营养知识

学习营养知识，了解不同食物的营养成分和营养价值。

### 4. 营造良好的饮食环境

营造良好的饮食环境，如家庭聚餐、愉快的用餐氛围等。

## 八、结论

健康饮食是保持身体健康的重要基础，它不仅可以提供身体所需的营养，还可以预防多种慢性疾病。我们应该培养健康的饮食习惯，选择多样化、均衡、适量的食物，为身体提供全面的营养。

让我们从现在开始，选择健康的饮食，为身体健康打下坚实的基础！', '健康饮食的重要性', '探讨健康饮食对身体健康的影响和重要性'),
('22', '11', 'en', 'The Importance of Healthy Diet', 'Exploring the impact and importance of healthy diet on physical health', '# The Importance of Healthy Diet\n\nHealthy diet is an important foundation for maintaining physical health. It not only provides the nutrients needed by the body, but also prevents many chronic diseases.\n\n## 1. Definition of Healthy Diet\n\nHealthy diet refers to the intake of balanced nutrition, including protein, carbohydrates, fats, vitamins and minerals, while avoiding excessive intake of calories, salt and sugar.\n\n## 2. The Importance of Healthy Diet\n\n### 2.1 Provide Nutrients Needed by the Body\n\nHealthy diet can provide various nutrients needed by the body to maintain the normal operation of the body.\n\n### 2.2 Prevent Chronic Diseases\n\nHealthy diet can prevent many chronic diseases, such as hypertension, diabetes, heart disease, etc.\n\n### 2.3 Improve Immunity\n\nHealthy diet can improve the body\'s immunity and enhance the body\'s resistance to diseases.\n\n### 2.4 Maintain Healthy Weight\n\nHealthy diet can help maintain a healthy weight and reduce the risk of obesity.\n\n### 2.5 Improve Quality of Life\n\nHealthy diet can improve the health level of the body, thereby improving the quality of life.\n\n## 3. Principles of Healthy Diet\n\n### 3.1 Diversity\n\nDiet should be diverse, intake various different foods to obtain comprehensive nutrition.\n\n### 3.2 Balance\n\nDiet should be balanced, and the intake of various nutrients should be reasonably matched.\n\n### 3.3 Moderation\n\nDiet should be moderate, avoid excessive intake or insufficient intake.\n\n### 3.4 Freshness\n\nDiet should choose fresh food, avoid eating expired or deteriorated food.\n\n## 4. Specific Suggestions for Healthy Diet\n\n### 4.1 Eat More Vegetables and Fruits\n\nVegetables and fruits are rich in vitamins, minerals and dietary fiber, and should be consumed in sufficient quantities every day.\n\n### 4.2 Moderate Intake of Protein\n\nProtein is an important part of the body, and should be consumed in moderation, including lean meat, fish, beans, etc.\n\n### 4.3 Choose Healthy Fats\n\nFat is an important energy source for the body, and healthy fats should be chosen, such as olive oil, nuts, etc.\n\n### 4.4 Control Carbohydrate Intake\n\nCarbohydrates are the main energy source for the body, and complex carbohydrates should be chosen, such as whole grains, potatoes, etc.\n\n### 4.5 Control Salt and Sugar Intake\n\nExcessive salt and sugar can be harmful to health, and intake should be controlled.\n\n### 4.6 Drink More Water\n\nWater is an important part of the body, and sufficient water should be consumed every day.\n\n## 5. Healthy Diet Suggestions for Different Groups\n\n### 5.1 Children\n\nChildren are in the growth and development stage, need to intake sufficient nutrition, and should eat more foods rich in protein, calcium, iron and other nutrients.\n\n### 5.2 Adolescents\n\nAdolescents are in the critical period of growth and development, need to intake sufficient nutrition, and should pay attention to controlling calorie intake to avoid obesity.\n\n### 5.3 Adults\n\nAdults should maintain a balanced diet, pay attention to controlling calorie intake, and avoid obesity and chronic diseases.\n\n### 5.4 Elderly People\n\nThe body functions of the elderly gradually decline, need to intake sufficient nutrition, and should pay attention to the digestion and absorption of food.\n\n## 6. Misunderstandings of Healthy Diet\n\n### 6.1 Excessive Dieting\n\nExcessive dieting will lead to insufficient nutrition intake, affecting physical health.\n\n### 6.2 Single Food Weight Loss\n\nSingle food weight loss will lead to nutritional imbalance, affecting physical health.\n\n### 6.3 Completely Reject Fat\n\nFat is an important energy source for the body, completely rejecting fat will affect physical health.\n\n### 6.4 Over-reliance on Nutritional Supplements\n\nNutritional supplements cannot replace food, over-reliance on nutritional supplements will affect physical health.\n\n## 7. How to Cultivate Healthy Eating Habits\n\n### 7.1 Make a Reasonable Diet Plan\n\nMake a reasonable diet plan, including the types and intake of food every day.\n\n### 7.2 Cultivate Good Eating Habits\n\nCultivate good eating habits, such as regular and quantitative meals, chewing slowly, etc.\n\n### 7.3 Learn Nutrition Knowledge\n\nLearn nutrition knowledge, understand the nutritional composition and value of different foods.\n\n### 7.4 Create a Good Eating Environment\n\nCreate a good eating environment, such as family dinners, pleasant dining atmosphere, etc.\n\n## 8. Conclusion\n\nHealthy diet is an important foundation for maintaining physical health. It not only provides the nutrients needed by the body, but also prevents many chronic diseases. We should cultivate healthy eating habits, choose diverse, balanced, and moderate foods, and provide comprehensive nutrition for the body.\n\nLet\'s start from now, choose a healthy diet, and lay a solid foundation for physical health!', 'The Importance of Healthy Diet', 'Exploring the impact and importance of healthy diet on physical health');

INSERT INTO article_categories (articleId, categoryId) VALUES
('11', '5');

INSERT INTO article_tags (articleId, tagId) VALUES
('11', '6');

-- 文章12: 教育方法的创新与实践
INSERT INTO articles (id, authorId, slug, status, isPremium, isPinned, coverImage, publishedAt, viewCount, aiGenerated) VALUES
('12', '1', 'innovation-in-education-methods', 'PUBLISHED', 0, 0, 'https://trae-api-cn.mchost.guru/api/ide/v1/text_to_image?prompt=education%20innovation%20classroom%20teaching%20methods&image_size=landscape_16_9', '2024-01-12 00:00:00', 850, 1);

INSERT INTO article_translations (id, articleId, locale, title, excerpt, content, metaTitle, metaDescription) VALUES
('23', '12', 'zh', '教育方法的创新与实践', '探讨教育方法的创新和实践，以及如何提高教育效果', '# 教育方法的创新与实践\n\n教育方法的创新是提高教育质量和效果的重要途径。随着时代的发展和科技的进步，教育方法也需要不断创新和改进。\n\n## 一、传统教育方法的局限性

### 1. 以教师为中心

传统教育方法以教师为中心，学生处于被动接受的地位，缺乏主动性和创造性。

### 2. 统一化教学

传统教育方法采用统一化的教学模式，忽视了学生的个体差异，难以满足不同学生的学习需求。

### 3. 注重知识传授

传统教育方法注重知识的传授，忽视了能力的培养和素质的提高。

### 4. 教学手段单一

传统教育方法的教学手段单一，主要依靠黑板、粉笔等传统工具，缺乏现代化的教学手段。

## 二、教育方法创新的必要性

### 1. 适应时代发展的需求

时代的发展和科技的进步，对教育提出了新的要求，需要教育方法不断创新。

### 2. 满足学生个性化学习的需求

学生的个体差异越来越明显，需要教育方法更加个性化，满足不同学生的学习需求。

### 3. 提高教育质量和效果

教育方法的创新可以提高教育质量和效果，培养学生的创新精神和实践能力。

### 4. 培养适应未来社会的人才

未来社会需要具有创新精神、实践能力和综合素质的人才，需要教育方法不断创新。

## 三、教育方法创新的方向

### 1. 以学生为中心

教育方法的创新应该以学生为中心，充分发挥学生的主动性和创造性。

### 2. 个性化教学

教育方法的创新应该注重个性化教学，根据学生的个体差异，提供定制化的学习方案。

### 3. 注重能力培养

教育方法的创新应该注重能力的培养，如批判性思维、创造性思维、沟通能力、合作能力等。

### 4. 利用现代教育技术

教育方法的创新应该利用现代教育技术，如人工智能、虚拟现实、增强现实等，丰富教学手段。

## 四、教育方法创新的实践案例

### 1. 项目式学习

项目式学习是一种以学生为中心的教学方法，通过完成实际项目来学习知识和技能，培养学生的问题解决能力和团队合作能力。

### 2. 翻转课堂

翻转课堂是一种将传统课堂教学与在线学习相结合的教学方法，学生在课前通过在线学习平台学习基础知识，课堂上则进行讨论、实践和应用。

### 3. 混合式学习

混合式学习是一种将传统课堂教学与在线学习相结合的教学方法，充分发挥两种教学方式的优势。

### 4. 游戏化学习

游戏化学习是一种将游戏元素融入教学中的教学方法，通过游戏化的方式激发学生的学习兴趣和积极性。

### 5. 探究式学习

探究式学习是一种以问题为导向的教学方法，通过引导学生进行探究和发现，培养学生的探究能力和创新精神。

## 五、教育方法创新的实施策略

### 1. 转变教育观念

教育方法的创新需要转变教育观念，从以教师为中心转变为以学生为中心，从注重知识传授转变为注重能力培养。

### 2. 加强教师培训

教育方法的创新需要加强教师培训，提高教师的教育教学能力和创新能力。

### 3. 提供必要的资源和支持

教育方法的创新需要提供必要的资源和支持，如教学设备、教学软件、教学资源等。

### 4. 建立评价机制

教育方法的创新需要建立科学的评价机制，及时评估教育方法的效果，不断改进和完善。

## 六、教育方法创新的挑战

### 1. 教师的适应性

教师需要适应新的教育方法，掌握新的教学技能和方法。

### 2. 资源的限制

教育方法的创新需要一定的资源支持，如教学设备、教学软件等。

### 3. 传统观念的阻力

传统观念的阻力可能会影响教育方法的创新和实施。

### 4. 评价体系的不完善

现有的评价体系可能难以适应新的教育方法，需要不断完善。

## 七、如何应对教育方法创新的挑战

### 1. 加强教师培训和支持

加强教师培训和支持，帮助教师适应新的教育方法，掌握新的教学技能和方法。

### 2. 合理配置资源

合理配置资源，为教育方法的创新提供必要的支持。

### 3. 加强宣传和沟通

加强宣传和沟通，转变传统观念，获得社会的理解和支持。

### 4. 完善评价体系

完善评价体系，建立科学的评价机制，适应新的教育方法。

## 八、结论

教育方法的创新是提高教育质量和效果的重要途径，它需要我们转变教育观念，加强教师培训，提供必要的资源和支持，建立科学的评价机制。只有不断创新教育方法，才能培养出适应未来社会的高素质人才。

让我们共同努力，不断创新教育方法，为教育事业的发展贡献自己的力量！', '教育方法的创新与实践', '探讨教育方法的创新和实践，以及如何提高教育效果'),
('24', '12', 'en', 'Innovation and Practice of Education Methods', 'Exploring the innovation and practice of education methods, and how to improve education effects', '# Innovation and Practice of Education Methods\n\nThe innovation of education methods is an important way to improve the quality and effect of education. With the development of the times and the progress of science and technology, education methods also need to be continuously innovated and improved.\n\n## 1. Limitations of Traditional Education Methods\n\n### 1.1 Teacher-centered\n\nTraditional education methods are teacher-centered, and students are in a passive acceptance position, lacking initiative and creativity.\n\n### 1.2 Unified Teaching\n\nTraditional education methods adopt a unified teaching model, ignoring students\' individual differences, and it is difficult to meet the learning needs of different students.\n\n### 1.3 Focus on Knowledge Transmission\n\nTraditional education methods focus on knowledge transmission, ignoring the cultivation of abilities and the improvement of quality.\n\n### 1.4 Single Teaching Means\n\nTraditional education methods have single teaching means, mainly relying on traditional tools such as blackboards and chalk, lacking modern teaching means.\n\n## 2. Necessity of Education Method Innovation\n\n### 2.1 Adapt to the Needs of the Times\n\nThe development of the times and the progress of science and technology have put forward new requirements for education, and education methods need to be constantly innovated.\n\n### 2.2 Meet the Needs of Students\' Personalized Learning\n\nStudents\' individual differences are becoming more and more obvious, and education methods need to be more personalized to meet the learning needs of different students.\n\n### 2.3 Improve Education Quality and Effect\n\nThe innovation of education methods can improve education quality and effect, and cultivate students\' innovative spirit and practical ability.\n\n### 2.4 Cultivate Talents Adapting to Future Society\n\nFuture society needs talents with innovative spirit, practical ability and comprehensive quality, and education methods need to be constantly innovated.\n\n## 3. Directions of Education Method Innovation\n\n### 3.1 Student-centered\n\nThe innovation of education methods should be student-centered, giving full play to students\' initiative and creativity.\n\n### 3.2 Personalized Teaching\n\nThe innovation of education methods should pay attention to personalized teaching, and provide customized learning plans according to students\' individual differences.\n\n### 3.3 Focus on Ability Cultivation\n\nThe innovation of education methods should focus on the cultivation of abilities, such as critical thinking, creative thinking, communication ability, cooperation ability, etc.\n\n### 3.4 Use Modern Education Technology\n\nThe innovation of education methods should use modern education technology, such as artificial intelligence, virtual reality, augmented reality, etc., to enrich teaching means.\n\n## 4. Practical Cases of Education Method Innovation\n\n### 4.1 Project-based Learning\n\nProject-based learning is a student-centered teaching method that learns knowledge and skills by completing actual projects, cultivating students\' problem-solving ability and teamwork ability.\n\n### 4.2 Flipped Classroom\n\nFlipped classroom is a teaching method that combines traditional classroom teaching with online learning. Students learn basic knowledge through online learning platforms before class, and conduct discussions, practice and application in class.\n\n### 4.3 Blended Learning\n\nBlended learning is a teaching method that combines traditional classroom teaching with online learning, giving full play to the advantages of both teaching methods.\n\n### 4.4 Gamified Learning\n\nGamified learning is a teaching method that integrates game elements into teaching, stimulating students\' learning interest and enthusiasm through gamification.\n\n### 4.5 Inquiry-based Learning\n\nInquiry-based learning is a problem-oriented teaching method that cultivates students\' inquiry ability and innovative spirit by guiding students to conduct inquiry and discovery.\n\n## 5. Implementation Strategies of Education Method Innovation\n\n### 5.1 Change Education Concepts\n\nThe innovation of education methods needs to change education concepts, from teacher-centered to student-centered, from focusing on knowledge transmission to focusing on ability cultivation.\n\n### 5.2 Strengthen Teacher Training\n\nThe innovation of education methods needs to strengthen teacher training, improve teachers\' education and teaching ability and innovation ability.\n\n### 5.3 Provide Necessary Resources and Support\n\nThe innovation of education methods needs to provide necessary resources and support, such as teaching equipment, teaching software, teaching resources, etc.\n\n### 5.4 Establish Evaluation Mechanism\n\nThe innovation of education methods needs to establish a scientific evaluation mechanism, timely evaluate the effect of education methods, and constantly improve and perfect.\n\n## 6. Challenges of Education Method Innovation\n\n### 6.1 Teachers\' Adaptability\n\nTeachers need to adapt to new education methods and master new teaching skills and methods.\n\n### 6.2 Resource Limitations\n\nThe innovation of education methods needs certain resource support, such as teaching equipment, teaching software, etc.\n\n### 6.3 Resistance of Traditional Concepts\n\nThe resistance of traditional concepts may affect the innovation and implementation of education methods.\n\n### 6.4 Imperfect Evaluation System\n\nThe existing evaluation system may be difficult to adapt to new education methods and needs to be constantly improved.\n\n## 7. How to Deal with the Challenges of Education Method Innovation\n\n### 7.1 Strengthen Teacher Training and Support\n\nStrengthen teacher training and support, help teachers adapt to new education methods, and master new teaching skills and methods.\n\n### 7.2 Allocate Resources Reasonably\n\nAllocate resources reasonably to provide necessary support for the innovation of education methods.\n\n### 7.3 Strengthen Publicity and Communication\n\nStrengthen publicity and communication, change traditional concepts, and gain social understanding and support.\n\n### 7.4 Improve Evaluation System\n\nImprove the evaluation system, establish a scientific evaluation mechanism, and adapt to new education methods.\n\n## 8. Conclusion\n\nThe innovation of education methods is an important way to improve the quality and effect of education. It requires us to change education concepts, strengthen teacher training, provide necessary resources and support, and establish a scientific evaluation mechanism. Only by constantly innovating education methods can we cultivate high-quality talents who adapt to future society.\n\nLet us work together to constantly innovate education methods and contribute our own strength to the development of education!', 'Innovation and Practice of Education Methods', 'Exploring the innovation and practice of education methods, and how to improve education effects');

INSERT INTO article_categories (articleId, categoryId) VALUES
('12', '6');

INSERT INTO article_tags (articleId, tagId) VALUES
('12', '7');

-- 文章13: 职场沟通技巧
INSERT INTO articles (id, authorId, slug, status, isPremium, isPinned, coverImage, publishedAt, viewCount, aiGenerated) VALUES
('13', '1', 'workplace-communication-skills', 'PUBLISHED', 0, 0, 'https://trae-api-cn.mchost.guru/api/ide/v1/text_to_image?prompt=workplace%20communication%20meeting%20team%20collaboration&image_size=landscape_16_9', '2024-01-13 00:00:00', 1150, 1);

INSERT INTO article_translations (id, articleId, locale, title, excerpt, content, metaTitle, metaDescription) VALUES
('25', '13', 'zh', '职场沟通技巧', '分享职场中有效的沟通技巧和方法', '# 职场沟通技巧\n\n良好的沟通能力是职场成功的重要因素之一。在现代职场中，有效的沟通可以提高工作效率，促进团队合作，减少误解和冲突。\n\n## 一、职场沟通的重要性

### 1. 提高工作效率

有效的沟通可以减少信息传递的误解和错误，提高工作效率。

### 2. 促进团队合作

良好的沟通可以促进团队成员之间的理解和信任，增强团队合作精神。

### 3. 建立良好的人际关系

有效的沟通可以帮助建立良好的人际关系，为职业发展创造有利条件。

### 4. 解决问题和冲突

良好的沟通可以帮助解决工作中遇到的问题和冲突，避免矛盾的升级。

## 二、职场沟通的类型

### 1. 口头沟通

口头沟通是职场中最常见的沟通方式，包括面对面交流、电话沟通、会议等。

### 2. 书面沟通

书面沟通包括邮件、报告、备忘录等，是职场中重要的沟通方式。

### 3. 非语言沟通

非语言沟通包括肢体语言、面部表情、语气等，也是职场沟通的重要组成部分。

### 4. 电子沟通

电子沟通包括即时通讯、视频会议等，是现代职场中越来越重要的沟通方式。

## 三、职场沟通的技巧

### 1. 倾听技巧

- 专注倾听，不打断对方
- 保持眼神交流
- 适当点头表示理解
- 提问澄清，确保理解正确

### 2. 表达技巧

- 清晰表达，避免模糊不清
- 简洁明了，避免冗长复杂
- 语言得体，避免使用不当语言
- 注意语气和语调，保持礼貌和专业

### 3. 书面沟通技巧

- 主题明确，重点突出
- 格式规范，结构清晰
- 语言简洁，避免冗长
- 检查拼写和语法错误

### 4. 非语言沟通技巧

- 保持良好的姿态和表情
- 注意眼神交流
- 适当使用手势
- 保持适当的距离

## 四、不同场景的沟通技巧

### 1. 与上司沟通

- 准备充分，明确沟通目的
- 尊重上司，注意语气和态度
- 及时汇报工作进展
- 提出问题时同时提供解决方案

### 2. 与同事沟通

- 保持友好和尊重
- 积极倾听，理解同事的观点
- 及时反馈，避免误解
- 团队合作，共同解决问题

### 3. 与下属沟通

- 明确目标和 expectations
- 给予及时的反馈和指导
- 倾听下属的意见和建议
- 鼓励下属，增强其信心

### 4. 与客户沟通

- 了解客户的需求和期望
- 保持专业和礼貌
- 及时响应客户的需求
- 解决客户的问题和 concerns

## 五、职场沟通的常见问题及解决方案

### 1. 信息传递不清晰

- 明确沟通目的和内容
- 使用简洁明了的语言
- 确认对方是否理解
- 提供必要的背景信息

### 2. 沟通中的误解

- 积极倾听，避免断章取义
- 提问澄清，确保理解正确
- 换位思考，理解对方的立场
- 及时反馈，避免误解的积累

### 3. 沟通中的冲突

- 保持冷静，避免情绪化
- 专注于问题本身，而非个人攻击
- 寻找共同点，寻求解决方案
- 必要时寻求第三方的帮助

### 4. 沟通中的障碍

- 识别沟通障碍的原因
- 调整沟通方式和策略
- 寻求适当的沟通渠道
- 不断改进沟通技巧

## 六、如何提高职场沟通能力

### 1. 学习沟通技巧

学习和掌握有效的沟通技巧，如倾听技巧、表达技巧等。

### 2. 实践和练习

在实际工作中不断实践和练习沟通技巧，积累经验。

### 3. 反馈和改进

寻求他人的反馈，不断改进自己的沟通方式和技巧。

### 4. 自我反思

定期自我反思，分析自己的沟通方式和效果，找出改进的空间。

### 5. 学习他人的经验

观察和学习他人的沟通方式和技巧，借鉴好的经验。

## 七、职场沟通的礼仪

### 1. 尊重他人

尊重他人的意见和感受，避免贬低或轻视他人。

### 2. 保持专业

保持专业的态度和形象，避免使用不当语言和行为。

### 3. 注意时间

尊重他人的时间，避免占用过多时间。

### 4. 保持诚实

保持诚实和透明，避免欺骗和隐瞒。

### 5. 感谢他人

感谢他人的帮助和支持，建立良好的人际关系。

## 八、结论

良好的沟通能力是职场成功的重要因素之一。通过学习和掌握有效的沟通技巧，我们可以提高工作效率，促进团队合作，建立良好的人际关系，解决工作中遇到的问题和冲突。

让我们不断学习和实践沟通技巧，提高自己的沟通能力，为职场成功打下坚实的基础！', '职场沟通技巧', '分享职场中有效的沟通技巧和方法'),
('26', '13', 'en', 'Workplace Communication Skills', 'Sharing effective communication skills and methods in the workplace', '# Workplace Communication Skills\n\nGood communication skills are one of the important factors for success in the workplace. In modern workplaces, effective communication can improve work efficiency, promote team cooperation, and reduce misunderstandings and conflicts.\n\n## 1. The Importance of Workplace Communication\n\n### 1.1 Improve Work Efficiency\n\nEffective communication can reduce misunderstandings and errors in information transmission, improving work efficiency.\n\n### 1.2 Promote Team Cooperation\n\nGood communication can promote understanding and trust between team members, enhancing team cooperation spirit.\n\n### 1.3 Establish Good Interpersonal Relationships\n\nEffective communication can help establish good interpersonal relationships, creating favorable conditions for career development.\n\n### 1.4 Solve Problems and Conflicts\n\nGood communication can help solve problems and conflicts encountered in work, avoiding the escalation of contradictions.\n\n## 2. Types of Workplace Communication\n\n### 2.1 Verbal Communication\n\nVerbal communication is the most common communication method in the workplace, including face-to-face communication, telephone communication, meetings, etc.\n\n### 2.2 Written Communication\n\nWritten communication includes emails, reports, memos, etc., which are important communication methods in the workplace.\n\n### 2.3 Non-verbal Communication\n\nNon-verbal communication includes body language, facial expressions, tone, etc., which is also an important part of workplace communication.\n\n### 2.4 Electronic Communication\n\nElectronic communication includes instant messaging, video conferencing, etc., which is an increasingly important communication method in modern workplaces.\n\n## 3. Workplace Communication Skills\n\n### 3.1 Listening Skills\n\n- Listen attentively, do not interrupt others\n- Maintain eye contact\n- Nod appropriately to show understanding\n- Ask questions to clarify and ensure correct understanding\n\n### 3.2 Expression Skills\n\n- Express clearly, avoid ambiguity\n- Be concise and clear, avoid verbosity and complexity\n- Use appropriate language, avoid inappropriate language\n- Pay attention to tone and intonation, maintain politeness and professionalism\n\n### 3.3 Written Communication Skills\n\n- Clear theme, prominent focus\n- Standard format, clear structure\n- Concise language, avoid verbosity\n- Check spelling and grammar errors\n\n### 3.4 Non-verbal Communication Skills\n\n- Maintain good posture and expression\n- Pay attention to eye contact\n- Use gestures appropriately\n- Maintain appropriate distance\n\n## 4. Communication Skills in Different Scenarios\n\n### 4.1 Communicating with Superiors\n\n- Prepare fully, clarify communication purpose\n- Respect superiors, pay attention to tone and attitude\n- Report work progress in a timely manner\n- Provide solutions when raising problems\n\n### 4.2 Communicating with Colleagues\n\n- Maintain friendliness and respect\n- Actively listen, understand colleagues\' views\n- Provide timely feedback, avoid misunderstandings\n- Teamwork, solve problems together\n\n### 4.3 Communicating with Subordinates\n\n- Clarify goals and expectations\n- Provide timely feedback and guidance\n- Listen to subordinates\' opinions and suggestions\n- Encourage subordinates, enhance their confidence\n\n### 4.4 Communicating with Customers\n\n- Understand customers\' needs and expectations\n- Maintain professionalism and politeness\n- Respond to customers\' needs in a timely manner\n- Solve customers\' problems and concerns\n\n## 5. Common Problems in Workplace Communication and Solutions\n\n### 5.1 Unclear Information Transmission\n\n- Clarify communication purpose and content\n- Use concise and clear language\n- Confirm whether the other party understands\n- Provide necessary background information\n\n### 5.2 Misunderstandings in Communication\n\n- Actively listen, avoid taking things out of context\n- Ask questions to clarify, ensure correct understanding\n- Put oneself in others\' shoes, understand their positions\n- Provide timely feedback, avoid accumulation of misunderstandings\n\n### 5.3 Conflicts in Communication\n\n- Stay calm, avoid emotionalization\n- Focus on the problem itself, not personal attacks\n- Find common ground, seek solutions\n- Seek third-party help when necessary\n\n### 5.4 Communication Barriers\n\n- Identify the causes of communication barriers\n- Adjust communication methods and strategies\n- Seek appropriate communication channels\n- Continuously improve communication skills\n\n## 6. How to Improve Workplace Communication Skills\n\n### 6.1 Learn Communication Skills\n\nLearn and master effective communication skills, such as listening skills, expression skills, etc.\n\n### 6.2 Practice and Exercise\n\nContinuously practice and exercise communication skills in actual work, accumulating experience.\n\n### 6.3 Feedback and Improvement\n\nSeek feedback from others, continuously improve one\'s communication methods and skills.\n\n### 6.4 Self-reflection\n\nRegularly reflect on oneself, analyze one\'s communication methods and effects, and find room for improvement.\n\n### 6.5 Learn from Others\n\nObserve and learn from others\' communication methods and skills, drawing on good experiences.\n\n## 7. Workplace Communication Etiquette\n\n### 7.1 Respect Others\n\nRespect others\' opinions and feelings, avoid belittling or despising others.\n\n### 7.2 Maintain Professionalism\n\nMaintain a professional attitude and image, avoid using inappropriate language and behavior.\n\n### 7.3 Pay Attention to Time\n\nRespect others\' time, avoid taking up too much time.\n\n### 7.4 Maintain Honesty\n\nMaintain honesty and transparency, avoid deception and concealment.\n\n### 7.5 Thank Others\n\nThank others for their help and support, establishing good interpersonal relationships.\n\n## 8. Conclusion\n\nGood communication skills are one of the important factors for success in the workplace. By learning and mastering effective communication skills, we can improve work efficiency, promote team cooperation, establish good interpersonal relationships, and solve problems and conflicts encountered in work.\n\nLet us continuously learn and practice communication skills, improve our communication ability, and lay a solid foundation for workplace success!', 'Workplace Communication Skills', 'Sharing effective communication skills and methods in the workplace');

INSERT INTO article_categories (articleId, categoryId) VALUES
('13', '7');

INSERT INTO article_tags (articleId, tagId) VALUES
('13', '8');

-- 文章14: 旅行目的地推荐
INSERT INTO articles (id, authorId, slug, status, isPremium, isPinned, coverImage, publishedAt, viewCount, aiGenerated) VALUES
('14', '1', 'travel-destination-recommendations', 'PUBLISHED', 0, 0, 'https://trae-api-cn.mchost.guru/api/ide/v1/text_to_image?prompt=travel%20destination%20scenic%20view%20beautiful%20landscape&image_size=landscape_16_9', '2024-01-14 00:00:00', 1250, 1);

INSERT INTO article_translations (id, articleId, locale, title, excerpt, content, metaTitle, metaDescription) VALUES
('27', '14', 'zh', '旅行目的地推荐', '推荐一些值得一去的旅行目的地，包括自然景观、历史文化等', '# 旅行目的地推荐\n\n旅行是一种美好的体验，它可以让我们放松身心，开阔视野，了解不同的文化和风景。以下是一些值得一去的旅行目的地推荐。\n\n## 一、自然景观类目的地

### 1. 张家界

张家界位于中国湖南省，以其独特的石英砂岩峰林地貌而闻名于世。这里有壮观的山峰、清澈的溪流、神秘的溶洞，是大自然的杰作。

### 2. 九寨沟

九寨沟位于中国四川省，以其翠海、叠瀑、彩林、雪峰、藏情、蓝冰"六绝"而著称。这里的湖水清澈见底，色彩斑斓，如诗如画。

### 3. 黄石国家公园

黄石国家公园位于美国，是世界上第一个国家公园，以其地热奇观、野生动物和壮丽的自然景观而闻名。

### 4. 大堡礁

大堡礁位于澳大利亚，是世界上最大的珊瑚礁系统，拥有丰富的海洋生物和美丽的海底景观。

## 二、历史文化类目的地

### 1. 北京

北京是中国的首都，拥有悠久的历史和丰富的文化遗产，如故宫、长城、颐和园等。

### 2. 罗马

罗马是意大利的首都，拥有悠久的历史和丰富的文化遗产，如斗兽场、万神殿、罗马 Forum 等。

### 3. 雅典

雅典是希腊的首都，是西方文明的发源地之一，拥有丰富的历史文化遗产，如帕特农神庙、卫城等。

### 4. 京都

京都是日本的古都，拥有丰富的历史文化遗产，如金阁寺、清水寺、伏见稻荷大社等。

## 三、城市类目的地

### 1. 上海

上海是中国的经济中心，拥有现代化的城市景观和丰富的文化活动，如外滩、东方明珠、豫园等。

### 2. 纽约

纽约是美国的经济中心，拥有标志性的城市景观和丰富的文化活动，如自由女神像、时代广场、中央公园等。

### 3. 巴黎

巴黎是法国的首都，以其浪漫的氛围、艺术文化和美食而闻名，如埃菲尔铁塔、卢浮宫、巴黎圣母院等。

### 4. 东京

东京是日本的首都，拥有现代化的城市景观和丰富的文化活动，如东京塔、浅草寺、涩谷十字路口等。

## 四、海岛类目的地

### 1. 马尔代夫

马尔代夫是印度洋上的岛国，以其美丽的海滩、清澈的海水和奢华的度假酒店而闻名。

### 2. 巴厘岛

巴厘岛是印度尼西亚的岛屿，以其美丽的海滩、独特的文化和友善的人民而闻名。

### 3. 夏威夷

夏威夷是美国的州，以其美丽的海滩、火山景观和独特的文化而闻名。

### 4. 普吉岛

普吉岛是泰国的岛屿，以其美丽的海滩、清澈的海水和丰富的水上活动而闻名。

## 五、特色旅行体验

### 1. 丝绸之路之旅

丝绸之路是连接东西方的古代贸易路线，沿着这条路线旅行，可以了解不同国家和地区的历史文化。

### 2. 美食之旅

美食之旅是一种以品尝当地美食为主题的旅行，通过品尝当地美食，了解当地的文化和生活方式。

### 3. 徒步之旅

徒步之旅是一种以徒步为主要方式的旅行，可以更深入地了解当地的自然景观和文化。

### 4. 摄影之旅

摄影之旅是一种以摄影为主题的旅行，通过摄影记录旅途中的美好瞬间。

## 六、旅行季节推荐

### 1. 春季

春季是一个万物复苏的季节，适合去赏花、踏青，如日本的樱花、荷兰的郁金香等。

### 2. 夏季

夏季是一个充满活力的季节，适合去海滩、水上活动，如马尔代夫、巴厘岛等。

### 3. 秋季

秋季是一个收获的季节，适合去赏秋、品尝美食，如中国的香山红叶、法国的葡萄酒产区等。

### 4. 冬季

冬季是一个寒冷的季节，适合去滑雪、泡温泉，如瑞士的阿尔卑斯山、日本的北海道等。

## 七、旅行准备指南

### 1. 行前准备

- 了解目的地的天气、文化、习俗等
- 准备必要的证件和资料
- 预订机票、酒店等
- 准备必要的物品，如衣物、药品等

### 2. 旅行安全

- 注意个人财物安全
- 了解当地的安全情况
- 购买旅行保险
- 遵守当地的法律法规

### 3. 旅行礼仪

- 尊重当地的文化和习俗
- 注意环保，保护当地的环境
- 礼貌待人，友好相处
- 遵守公共秩序

## 八、结论

旅行是一种美好的体验，它可以让我们放松身心，开阔视野，了解不同的文化和风景。无论你喜欢自然景观、历史文化还是城市风光，都可以找到适合自己的旅行目的地。

让我们收拾行囊，踏上旅行的征程，探索世界的美好！', '旅行目的地推荐', '推荐一些值得一去的旅行目的地，包括自然景观、历史文化等'),
('28', '14', 'en', 'Travel Destination Recommendations', 'Recommending some worth visiting travel destinations, including natural landscapes, historical culture, etc.', '# Travel Destination Recommendations\n\nTravel is a wonderful experience that allows us to relax, broaden our horizons, and understand different cultures and landscapes. Here are some recommended travel destinations worth visiting.\n\n## 1. Natural Landscape Destinations\n\n### 1.1 Zhangjiajie\n\nZhangjiajie is located in Hunan Province, China, and is famous for its unique quartz sandstone peak forest landform. There are spectacular peaks, clear streams, and mysterious karst caves, which are masterpieces of nature.\n\n### 1.2 Jiuzhaigou\n\nJiuzhaigou is located in Sichuan Province, China, and is famous for its "six wonders": green lakes, cascading waterfalls, colorful forests, snow-capped peaks, Tibetan customs, and blue ice. The lake water here is clear to the bottom, colorful, and picturesque.\n\n### 1.3 Yellowstone National Park\n\nYellowstone National Park is located in the United States and is the world\'s first national park, famous for its geothermal wonders, wild animals, and magnificent natural landscapes.\n\n### 1.4 Great Barrier Reef\n\nThe Great Barrier Reef is located in Australia and is the world\'s largest coral reef system, with rich marine life and beautiful underwater landscapes.\n\n## 2. Historical and Cultural Destinations\n\n### 2.1 Beijing\n\nBeijing is the capital of China, with a long history and rich cultural heritage, such as the Forbidden City, the Great Wall, the Summer Palace, etc.\n\n### 2.2 Rome\n\nRome is the capital of Italy, with a long history and rich cultural heritage, such as the Colosseum, the Pantheon, the Roman Forum, etc.\n\n### 2.3 Athens\n\nAthens is the capital of Greece, one of the birthplaces of Western civilization, with rich historical and cultural heritage, such as the Parthenon, the Acropolis, etc.\n\n### 2.4 Kyoto\n\nKyoto is the ancient capital of Japan, with rich historical and cultural heritage, such as Kinkaku-ji, Kiyomizu-dera, Fushimi Inari Taisha, etc.\n\n## 3. City Destinations\n\n### 3.1 Shanghai\n\nShanghai is China\'s economic center, with modern urban landscapes and rich cultural activities, such as the Bund, Oriental Pearl Tower, Yu Garden, etc.\n\n### 3.2 New York\n\nNew York is America\'s economic center, with iconic urban landscapes and rich cultural activities, such as the Statue of Liberty, Times Square, Central Park, etc.\n\n### 3.3 Paris\n\nParis is the capital of France, famous for its romantic atmosphere, art culture, and cuisine, such as the Eiffel Tower, the Louvre, Notre-Dame de Paris, etc.\n\n### 3.4 Tokyo\n\nTokyo is the capital of Japan, with modern urban landscapes and rich cultural activities, such as Tokyo Tower, Sensoji Temple, Shibuya Crossing, etc.\n\n## 4. Island Destinations\n\n### 4.1 Maldives\n\nThe Maldives is an island country in the Indian Ocean, famous for its beautiful beaches, clear waters, and luxurious resort hotels.\n\n### 4.2 Bali\n\nBali is an island in Indonesia, famous for its beautiful beaches, unique culture, and friendly people.\n\n### 4.3 Hawaii\n\nHawaii is a state of the United States, famous for its beautiful beaches, volcanic landscapes, and unique culture.\n\n### 4.4 Phuket\n\nPhuket is an island in Thailand, famous for its beautiful beaches, clear waters, and rich water activities.\n\n## 5. Special Travel Experiences\n\n### 5.1 Silk Road Journey\n\nThe Silk Road is an ancient trade route connecting East and West. Traveling along this route allows you to understand the history and culture of different countries and regions.\n\n### 5.2 Food Journey\n\nA food journey is a travel theme that focuses on tasting local food. By tasting local food, you can understand the local culture and lifestyle.\n\n### 5.3 Hiking Journey\n\nA hiking journey is a travel method that mainly uses hiking, which can help you understand the local natural landscape and culture more deeply.\n\n### 5.4 Photography Journey\n\nA photography journey is a travel theme that focuses on photography, recording the beautiful moments during the journey through photography.\n\n## 6. Recommended Travel Seasons\n\n### 6.1 Spring\n\nSpring is a season of recovery, suitable for flower viewing and hiking, such as cherry blossoms in Japan, tulips in the Netherlands, etc.\n\n### 6.2 Summer\n\nSummer is a vibrant season, suitable for beach and water activities, such as the Maldives, Bali, etc.\n\n### 6.3 Autumn\n\nAutumn is a harvest season, suitable for autumn viewing and food tasting, such as red leaves in Xiangshan, China, wine-producing areas in France, etc.\n\n### 6.4 Winter\n\nWinter is a cold season, suitable for skiing and hot springs, such as the Alps in Switzerland, Hokkaido in Japan, etc.\n\n## 7. Travel Preparation Guide\n\n### 7.1 Pre-travel Preparation\n\n- Understand the weather, culture, customs, etc. of the destination\n- Prepare necessary documents and materials\n- Book flights, hotels, etc.\n- Prepare necessary items, such as clothing, medicine, etc.\n\n### 7.2 Travel Safety\n\n- Pay attention to personal property safety\n- Understand the local security situation\n- Purchase travel insurance\n- Abide by local laws and regulations\n\n### 7.3 Travel Etiquette\n\n- Respect local culture and customs\n- Pay attention to environmental protection, protect the local environment\n- Be polite and get along friendly\n- Observe public order\n\n## 8. Conclusion\n\nTravel is a wonderful experience that allows us to relax, broaden our horizons, and understand different cultures and landscapes. No matter whether you like natural landscapes, historical culture, or urban scenery, you can find a travel destination suitable for yourself.\n\nLet\'s pack our bags, embark on the journey, and explore the beauty of the world!', 'Travel Destination Recommendations', 'Recommending some worth visiting travel destinations, including natural landscapes, historical culture, etc.'));

INSERT INTO article_categories (articleId, categoryId) VALUES
('14', '3');

INSERT INTO article_tags (articleId, tagId) VALUES
('14', '4');