-- 批次5: 导入3篇文章

-- 确保分类存在
INSERT OR IGNORE INTO categories (id, name, slug, description) VALUES
('category-uuid-001', '科技', 'technology', '科技相关文章'),
('category-uuid-002', '生活', 'lifestyle', '生活相关文章'),
('category-uuid-003', '旅行', 'travel', '旅行相关文章'),
('category-uuid-004', '美食', 'food', '美食相关文章'),
('category-uuid-005', '健康', 'health', '健康相关文章'),
('category-uuid-006', '教育', 'education', '教育相关文章'),
('category-uuid-007', '职场', 'career', '职场相关文章'),
('category-uuid-008', '科学', 'science', '科学相关文章');

-- 确保标签存在
INSERT OR IGNORE INTO tags (id, name, slug, color) VALUES
('tag-uuid-001', '人工智能', 'ai', '#3498db'),
('tag-uuid-002', '编程', 'programming', '#2ecc71'),
('tag-uuid-003', '生活方式', 'lifestyle', '#f39c12'),
('tag-uuid-004', '旅行攻略', 'travel-guide', '#e74c3c'),
('tag-uuid-005', '美食探店', 'food-review', '#9b59b6'),
('tag-uuid-006', '健康生活', 'healthy-living', '#1abc9c'),
('tag-uuid-007', '教育方法', 'education-methods', '#34495e'),
('tag-uuid-008', '职场技能', 'career-skills', '#e67e22'),
('tag-uuid-009', '科学研究', 'scientific-research', '#16a085'),
('tag-uuid-010', '未来趋势', 'future-trends', '#8e44ad');

-- 文章13: 亲子旅游攻略
INSERT INTO articles (id, author_id, slug, status, is_premium, is_pinned, cover_image, published_at, view_count, ai_generated, created_at, updated_at) VALUES
('article-uuid-013', 'admin-uuid-001', 'family-travel-guide', 'PUBLISHED', 0, 0, 'https://trae-api-cn.mchost.guru/api/ide/v1/text_to_image?prompt=family%20travel%20guide%20parenting%20adventure&image_size=landscape_16_9', '2024-01-13 00:00:00', 1080, 1, '2024-01-13 00:00:00', '2024-01-13 00:00:00');

INSERT INTO article_translations (id, article_id, locale, title, excerpt, content, meta_title, meta_description) VALUES
('translation-uuid-025', 'article-uuid-013', 'zh', '亲子旅游攻略', '探讨亲子旅游的规划和实用建议，让家庭旅行更愉快', '# 亲子旅游攻略

![亲子旅游攻略概念图](https://trae-api-cn.mchost.guru/api/ide/v1/text_to_image?prompt=family%20travel%20guide%20parenting%20adventure&image_size=landscape_16_9)

亲子旅游是一种增进家庭感情、拓宽孩子视野的好方法。但是，带孩子旅游也需要做好充分的准备和规划。

## 一、亲子旅游的准备工作

### 1. 目的地选择

![目的地选择概念图](https://trae-api-cn.mchost.guru/api/ide/v1/text_to_image?prompt=family%20travel%20destination%20selection%20kid%20friendly&image_size=landscape_16_9)

选择适合孩子年龄的目的地，考虑旅游地点的安全性、便利性和教育意义。

### 2. 行程安排

合理安排行程，避免过于紧凑，要充分考虑孩子的体力和注意力。

### 3. 物品准备

![物品准备概念图](https://trae-api-cn.mchost.guru/api/ide/v1/text_to_image?prompt=family%20travel%20packing%20list%20essentials&image_size=landscape_16_9)

准备好孩子的必需品，如换洗衣物、药品、零食、玩具等。

### 4. 心理准备

告诉孩子旅游的计划和目的，让他们对旅行有心理准备。

## 二、亲子旅游的交通安排

### 1. 交通工具选择

根据旅游目的地的远近和孩子的年龄选择合适的交通工具。

### 2. 交通时间安排

考虑孩子的作息时间，安排在孩子比较有精神的时候出行。

### 3. 旅途娱乐

准备好旅途中的娱乐活动，如故事书、玩具、电子游戏等。

## 三、亲子旅游的住宿安排

### 1. 住宿选择

选择适合家庭的住宿，如家庭旅馆、亲子酒店等。

### 2. 住宿注意事项

注意住宿的安全和卫生，考虑孩子的特殊需求。

## 四、亲子旅游的活动安排

### 1. 教育活动

![教育活动概念图](https://trae-api-cn.mchost.guru/api/ide/v1/text_to_image?prompt=family%20travel%20educational%20activity%20museum&image_size=landscape_16_9)

安排一些有教育意义的活动，如参观博物馆、动物园、科技馆等。

### 2. 户外探险

安排一些户外活动，如徒步旅行、露营、海滩玩耍等。

### 3. 文化体验

体验当地的文化和风俗，让孩子了解不同的生活方式。

### 4. 自由安排

给孩子一些自由时间，让他们自由地玩耍和探索。

## 五、亲子旅游的安全注意事项

### 1. 安全意识

时刻保持安全意识，注意孩子的行动和安全。

### 2. 安全措施

做好安全措施，如使用安全座椅、防走失装备等。

### 3. 急救准备

携带急救包，了解附近的医院位置。

## 六、亲子旅游的美食安排

### 1. 当地美食

品尝当地的美食，让孩子了解不同的饮食文化。

### 2. 饮食安全

注意饮食安全，避免食物中毒等问题。

### 3. 饮食选择

考虑孩子的口味和需求，选择适合孩子的食物。

## 七、亲子旅游的记录和分享

### 1. 照片和视频

拍摄照片和视频，记录旅行的美好时光。

### 2. 旅行日记

让孩子写旅行日记，记录旅行的感受和收获。

### 3. 分享交流

和家人朋友分享旅行的照片和故事。

## 八、结论

亲子旅游是一种非常有意义的活动，它不仅能增进家庭感情，还能拓宽孩子的视野，让孩子学到很多书本上学不到的知识。

让我们一起规划一次美好的亲子旅行吧！', '亲子旅游攻略', '探讨亲子旅游的规划和实用建议，让家庭旅行更愉快'),
('translation-uuid-026', 'article-uuid-013', 'en', 'Family Travel Guide', 'Exploring the planning and practical tips of family travel to make family trips more enjoyable', '# Family Travel Guide

![Family Travel Guide](https://trae-api-cn.mchost.guru/api/ide/v1/text_to_image?prompt=family%20travel%20guide%20parenting%20adventure&image_size=landscape_16_9)

Family travel is a great way to enhance family bonds and broaden children''s horizons. However, traveling with children also requires adequate preparation and planning.

## 1. Preparation for Family Travel

### 1.1 Destination Selection

![Destination Selection](https://trae-api-cn.mchost.guru/api/ide/v1/text_to_image?prompt=family%20travel%20destination%20selection%20kid%20friendly&image_size=landscape_16_9)

Choose destinations suitable for your child''s age, considering the safety, convenience, and educational value of the travel destination.

### 1.2 Itinerary Planning

Plan your itinerary reasonably, avoiding being too compact, and fully consider your child''s physical strength and attention span.

### 1.3 Packing List

![Packing List](https://trae-api-cn.mchost.guru/api/ide/v1/text_to_image?prompt=family%20travel%20packing%20list%20essentials&image_size=landscape_16_9)

Prepare your child''s necessities, such as extra clothes, medicine, snacks, toys, etc.

### 1.4 Mental Preparation

Tell your child about the travel plan and purpose, so they have mental preparation for the trip.

## 2. Transportation Arrangements for Family Travel

### 2.1 Transport Selection

Choose appropriate transport based on the distance of the destination and your child''s age.

### 2.2 Travel Time Arrangement

Consider your child''s schedule, and arrange travel when your child is more energetic.

### 2.3 Journey Entertainment

Prepare entertainment activities for the journey, such as storybooks, toys, video games, etc.

## 3. Accommodation Arrangements for Family Travel

### 3.1 Accommodation Selection

Choose family-friendly accommodation, such as family guesthouses, parent-child hotels, etc.

### 3.2 Accommodation Considerations

Pay attention to safety and hygiene of the accommodation, and consider your child''s special needs.

## 4. Activity Arrangements for Family Travel

### 4.1 Educational Activities

![Educational Activities](https://trae-api-cn.mchost.guru/api/ide/v1/text_to_image?prompt=family%20travel%20educational%20activity%20museum&image_size=landscape_16_9)

Arrange some educational activities, such as visiting museums, zoos, science centers, etc.

### 4.2 Outdoor Adventures

Arrange some outdoor activities, such as hiking, camping, beach play, etc.

### 4.3 Cultural Experiences

Experience local culture and customs, letting your child understand different lifestyles.

### 4.4 Free Time

Give your child some free time to play and explore on their own.

## 5. Safety Considerations for Family Travel

### 5.1 Safety Awareness

Always maintain safety awareness and pay attention to your child''s actions and safety.

### 5.2 Safety Measures

Take safety measures, such as using car seats, anti-lost gear, etc.

### 5.3 First Aid Preparation

Carry a first aid kit and know the location of nearby hospitals.

## 6. Food Arrangements for Family Travel

### 6.1 Local Cuisine

Taste local cuisine, letting your child understand different food cultures.

### 6.2 Food Safety

Pay attention to food safety and avoid food poisoning and other issues.

### 6.3 Food Selection

Consider your child''s taste and needs, choosing food suitable for your child.

## 7. Record and Share Family Travel

### 7.1 Photos and Videos

Take photos and videos to record the beautiful times of the trip.

### 7.2 Travel Journal

Have your child write a travel journal to record the feelings and gains of the trip.

### 7.3 Sharing and Communication

Share travel photos and stories with family and friends.

## 8. Conclusion

Family travel is a very meaningful activity, which not only enhances family bonds but also broadens children''s horizons and allows them to learn a lot of knowledge that cannot be learned from books.

Let us plan a wonderful family trip together!', 'Family Travel Guide', 'Exploring the planning and practical tips of family travel to make family trips more enjoyable');

INSERT INTO article_categories (article_id, category_id) VALUES
('article-uuid-013', 'category-uuid-003');

INSERT INTO article_tags (article_id, tag_id) VALUES
('article-uuid-013', 'tag-uuid-004');

-- 文章14: 健康饮食与营养
INSERT INTO articles (id, author_id, slug, status, is_premium, is_pinned, cover_image, published_at, view_count, ai_generated, created_at, updated_at) VALUES
('article-uuid-014', 'admin-uuid-001', 'healthy-eating-nutrition', 'PUBLISHED', 0, 0, 'https://trae-api-cn.mchost.guru/api/ide/v1/text_to_image?prompt=healthy%20eating%20nutrition%20food%20wellness&image_size=landscape_16_9', '2024-01-14 00:00:00', 1050, 1, '2024-01-14 00:00:00', '2024-01-14 00:00:00');

INSERT INTO article_translations (id, article_id, locale, title, excerpt, content, meta_title, meta_description) VALUES
('translation-uuid-027', 'article-uuid-014', 'zh', '健康饮食与营养', '探讨健康饮食的重要性和营养知识，帮助人们养成健康的饮食习惯', '# 健康饮食与营养

![健康饮食与营养概念图](https://trae-api-cn.mchost.guru/api/ide/v1/text_to_image?prompt=healthy%20eating%20nutrition%20food%20wellness&image_size=landscape_16_9)

健康饮食是健康生活方式的重要组成部分，它对我们的身体健康和生活质量有着深远的影响。

## 一、健康饮食的重要性

### 1. 维持健康体重

![维持健康体重概念图](https://trae-api-cn.mchost.guru/api/ide/v1/text_to_image?prompt=healthy%20eating%20weight%20management%20nutrition&image_size=landscape_16_9)

健康饮食可以帮助我们维持健康的体重，预防肥胖和相关的健康问题。

### 2. 预防疾病

健康饮食可以预防许多慢性疾病，如心脏病、糖尿病、高血压等。

### 3. 增强免疫力

![增强免疫力概念图](https://trae-api-cn.mchost.guru/api/ide/v1/text_to_image?prompt=healthy%20eating%20immune%20system%20strength&image_size=landscape_16_9)

健康饮食可以增强免疫力，预防感染和疾病。

### 4. 提高精力和情绪

健康饮食可以提高精力和情绪，让我们感觉更加舒适和积极。

## 二、六大营养素的作用

### 1. 碳水化合物

碳水化合物是身体的主要能量来源，为身体提供动力。

### 2. 蛋白质

蛋白质是身体组织的重要组成部分，对于修复和维持身体机能有重要作用。

### 3. 脂肪

脂肪是身体的能量储备，对于吸收某些维生素和维持身体机能有重要作用。

### 4. 维生素

维生素对于身体的正常运转有重要作用，如维持免疫系统、促进伤口愈合等。

### 5. 矿物质

矿物质对于身体的正常运转有重要作用，如维持骨骼健康、平衡体液等。

### 6. 水

水是身体的重要组成部分，对于维持身体机能有重要作用。

## 三、健康饮食的基本原则

### 1. 平衡膳食

确保食物种类丰富，摄入各种营养素。

### 2. 适量摄入

避免暴饮暴食，控制食物的摄入量。

### 3. 多吃蔬果

![多吃蔬果概念图](https://trae-api-cn.mchost.guru/api/ide/v1/text_to_image?prompt=healthy%20eating%20fruits%20vegetables%20fresh&image_size=landscape_16_9)

多吃新鲜的水果和蔬菜，获取丰富的维生素和矿物质。

### 4. 选择优质蛋白

选择优质蛋白质来源，如鱼、禽、豆类、坚果等。

## 四、健康饮食的实用建议

### 1. 计划饮食

提前计划饮食，确保营养均衡。

### 2. 选择健康食物

选择健康的食物，避免加工食品和高糖食品。

### 3. 控制食物分量

控制食物的分量，避免暴饮暴食。

### 4. 保持充足水分

保持充足的水分摄入，每天喝足够的水。

## 五、特殊人群的健康饮食

### 1. 儿童健康饮食

![儿童健康饮食概念图](https://trae-api-cn.mchost.guru/api/ide/v1/text_to_image?prompt=healthy%20eating%20children%20nutrition%20growth&image_size=landscape_16_9)

关注儿童的饮食营养，确保他们获得足够的营养，促进健康成长。

### 2. 老年人健康饮食

为老年人提供合适的营养，促进健康衰老。

### 3. 运动员健康饮食

为运动员提供足够的能量和营养，提高运动表现。

## 六、健康饮食的常见误区

### 1. 完全断油断糖

不要完全断油断糖，适量的健康脂肪和碳水化合物是必要的。

### 2. 过度节食

不要过度节食，要确保摄入足够的营养。

### 3. 盲目跟风

不要盲目跟风减肥，要根据自己的情况选择合适的饮食方式。

### 4. 忽视膳食纤维

不要忽视膳食纤维，它对于促进消化和维持肠道健康有重要作用。

## 七、结论

健康饮食是健康生活方式的重要组成部分，它对我们的身体健康和生活质量有着深远的影响。通过了解营养知识和养成健康的饮食习惯，我们可以提高健康水平，预防疾病，享受更好的生活。

让我们从现在开始，关注健康饮食，养成健康的生活习惯！', '健康饮食与营养', '探讨健康饮食的重要性和营养知识，帮助人们养成健康的饮食习惯'),
('translation-uuid-028', 'article-uuid-014', 'en', 'Healthy Eating and Nutrition', 'Exploring the importance of healthy eating and nutrition knowledge to help people develop healthy eating habits', '# Healthy Eating and Nutrition

![Healthy Eating and Nutrition](https://trae-api-cn.mchost.guru/api/ide/v1/text_to_image?prompt=healthy%20eating%20nutrition%20food%20wellness&image_size=landscape_16_9)

Healthy eating is an important part of a healthy lifestyle, which has a profound impact on our physical health and quality of life.

## 1. The Importance of Healthy Eating

### 1.1 Maintaining Healthy Weight

![Maintaining Healthy Weight](https://trae-api-cn.mchost.guru/api/ide/v1/text_to_image?prompt=healthy%20eating%20weight%20management%20nutrition&image_size=landscape_16_9)

Healthy eating can help us maintain a healthy weight and prevent obesity and related health problems.

### 1.2 Preventing Diseases

Healthy eating can prevent many chronic diseases, such as heart disease, diabetes, high blood pressure, etc.

### 1.3 Boosting Immunity

![Boosting Immunity](https://trae-api-cn.mchost.guru/api/ide/v1/text_to_image?prompt=healthy%20eating%20immune%20system%20strength&image_size=landscape_16_9)

Healthy eating can boost immunity and prevent infections and diseases.

### 1.4 Improving Energy and Mood

Healthy eating can improve energy and mood, making us feel more comfortable and positive.

## 2. The Role of the Six Major Nutrients

### 2.1 Carbohydrates

Carbohydrates are the main energy source for the body, providing power for the body.

### 2.2 Protein

Protein is an important component of body tissue, important for repairing and maintaining body functions.

### 2.3 Fat

Fat is the body''s energy reserve, important for absorbing certain vitamins and maintaining body functions.

### 2.4 Vitamins

Vitamins have important roles in the normal functioning of the body, such as maintaining the immune system, promoting wound healing, etc.

### 2.5 Minerals

Minerals have important roles in the normal functioning of the body, such as maintaining bone health, balancing body fluids, etc.

### 2.6 Water

Water is an important component of the body, important for maintaining body functions.

## 3. Basic Principles of Healthy Eating

### 3.1 Balanced Diet

Ensure a variety of foods to get all kinds of nutrients.

### 3.2 Moderate Consumption

Avoid overeating and control food portions.

### 3.3 Eat More Fruits and Vegetables

![Eat More Fruits and Vegetables](https://trae-api-cn.mchost.guru/api/ide/v1/text_to_image?prompt=healthy%20eating%20fruits%20vegetables%20fresh&image_size=landscape_16_9)

Eat more fresh fruits and vegetables to get abundant vitamins and minerals.

### 3.4 Choose High-Quality Protein

Choose high-quality protein sources, such as fish, poultry, beans, nuts, etc.

## 4. Practical Tips for Healthy Eating

### 4.1 Plan Your Diet

Plan your diet in advance to ensure balanced nutrition.

### 4.2 Choose Healthy Foods

Choose healthy foods and avoid processed foods and high-sugar foods.

### 4.3 Control Food Portions

Control food portions and avoid overeating.

### 4.4 Stay Hydrated

Stay hydrated by drinking enough water every day.

## 5. Healthy Eating for Special Groups

### 5.1 Healthy Eating for Children

![Healthy Eating for Children](https://trae-api-cn.mchost.guru/api/ide/v1/text_to_image?prompt=healthy%20eating%20children%20nutrition%20growth&image_size=landscape_16_9)

Pay attention to children''s diet and nutrition, ensuring they get enough nutrients for healthy growth.

### 5.2 Healthy Eating for the Elderly

Provide appropriate nutrition for the elderly to promote healthy aging.

### 5.3 Healthy Eating for Athletes

Provide enough energy and nutrition for athletes to improve sports performance.

## 6. Common Misconceptions about Healthy Eating

### 6.1 Completely Cutting Out Fat and Sugar

Do not completely cut out fat and sugar. Moderate amounts of healthy fats and carbohydrates are necessary.

### 6.2 Excessive Dieting

Do not diet excessively; ensure adequate nutrient intake.

### 6.3 Blindly Following Trends

Do not blindly follow weight loss trends; choose a suitable diet based on your own situation.

### 6.4 Ignoring Dietary Fiber

Do not ignore dietary fiber; it plays an important role in promoting digestion and maintaining intestinal health.

## 7. Conclusion

Healthy eating is an important part of a healthy lifestyle, which has a profound impact on our physical health and quality of life. By learning nutrition knowledge and developing healthy eating habits, we can improve our health, prevent diseases, and enjoy a better life.

Let us start from now, pay attention to healthy eating, and develop healthy living habits!', 'Healthy Eating and Nutrition', 'Exploring the importance of healthy eating and nutrition knowledge to help people develop healthy eating habits');

INSERT INTO article_categories (article_id, category_id) VALUES
('article-uuid-014', 'category-uuid-005');

INSERT INTO article_tags (article_id, tag_id) VALUES
('article-uuid-014', 'tag-uuid-006');

-- 文章15: 职业发展与个人成长
INSERT INTO articles (id, author_id, slug, status, is_premium, is_pinned, cover_image, published_at, view_count, ai_generated, created_at, updated_at) VALUES
('article-uuid-015', 'admin-uuid-001', 'career-development-personal-growth', 'PUBLISHED', 0, 0, 'https://trae-api-cn.mchost.guru/api/ide/v1/text_to_image?prompt=career%20development%20personal%20growth%20professional%20success&image_size=landscape_16_9', '2024-01-15 00:00:00', 1120, 1, '2024-01-15 00:00:00', '2024-01-15 00:00:00');

INSERT INTO article_translations (id, article_id, locale, title, excerpt, content, meta_title, meta_description) VALUES
('translation-uuid-029', 'article-uuid-015', 'zh', '职业发展与个人成长', '探讨职业发展的规划和个人成长的方法，帮助人们实现职业目标', '# 职业发展与个人成长

![职业发展与个人成长概念图](https://trae-api-cn.mchost.guru/api/ide/v1/text_to_image?prompt=career%20development%20personal%20growth%20professional%20success&image_size=landscape_16_9)

职业发展与个人成长是相辅相成的，良好的职业发展可以促进个人成长，而个人成长也可以推动职业发展。

## 一、职业规划的重要性

### 1. 明确职业目标

![明确职业目标概念图](https://trae-api-cn.mchost.guru/api/ide/v1/text_to_image?prompt=career%20development%20goal%20setting%20vision&image_size=landscape_16_9)

明确职业目标，为职业发展指明方向。

### 2. 提高工作动力

明确的职业目标可以提高工作动力和工作满意度。

### 3. 合理分配资源

合理规划职业发展，可以合理分配时间和资源，提高效率。

## 二、如何制定职业规划

### 1. 自我评估

评估自己的兴趣、能力、价值观和职业倾向。

### 2. 职业探索

了解不同职业的信息，找到适合自己的职业方向。

### 3. 设定目标

设定短期、中期和长期职业目标。

### 4. 制定行动计划

制定具体的行动计划，实现职业目标。

## 三、提升职业技能的方法

### 1. 持续学习

![持续学习概念图](https://trae-api-cn.mchost.guru/api/ide/v1/text_to_image?prompt=career%20development%20continuous%20learning%20skill%20development&image_size=landscape_16_9)

保持学习的习惯，不断更新知识和技能。

### 2. 实践经验

通过实践积累经验，提高实际操作能力。

### 3. 寻求反馈

寻求他人的反馈和建议，不断改进和提高。

### 4. 导师指导

寻找合适的导师，获得专业的指导和建议。

## 四、个人成长的重要方面

### 1. 情绪管理

学会管理自己的情绪，保持积极的心态。

### 2. 沟通能力

提高沟通能力，建立良好的人际关系。

### 3. 时间管理

学会时间管理，提高工作效率。

### 4. 创新思维

培养创新思维，不断创新和改进工作方法。

## 五、职场人际关系管理

### 1. 建立良好关系

与同事、上司和客户建立良好的关系。

### 2. 有效沟通

![有效沟通概念图](https://trae-api-cn.mchost.guru/api/ide/v1/text_to_image?prompt=career%20development%20effective%20communication%20teamwork&image_size=landscape_16_9)

与他人进行有效沟通，避免误解和冲突。

### 3. 团队合作

积极参与团队合作，共同实现团队目标。

### 4. 冲突解决

学会处理冲突，维护良好的工作环境。

## 六、平衡工作与生活

### 1. 设定边界

设定工作与生活的边界，避免工作过度。

### 2. 合理安排时间

合理安排工作和生活的时间，保持平衡。

### 3. 放松休息

适当放松和休息，保持身心健康。

### 4. 培养兴趣爱好

培养兴趣爱好，丰富生活内容。

## 七、面对职业挑战

### 1. 接受变化

接受职业发展中的变化，适应新的情况。

### 2. 克服困难

勇敢面对困难，积极寻找解决办法。

### 3. 寻求支持

在遇到困难时，寻求他人的支持和帮助。

## 八、结论

职业发展与个人成长是一个持续的过程，需要我们不断地学习和努力。通过制定职业规划、提升职业技能、促进个人成长、管理人际关系、平衡工作与生活，我们可以实现自己的职业目标，获得成功和满足感。

让我们一起努力，实现职业发展和个人成长的双赢！', '职业发展与个人成长', '探讨职业发展的规划和个人成长的方法，帮助人们实现职业目标'),
('translation-uuid-030', 'article-uuid-015', 'en', 'Career Development and Personal Growth', 'Exploring career planning and personal growth methods to help people achieve their career goals', '# Career Development and Personal Growth

![Career Development and Personal Growth](https://trae-api-cn.mchost.guru/api/ide/v1/text_to_image?prompt=career%20development%20personal%20growth%20professional%20success&image_size=landscape_16_9)

Career development and personal growth are complementary. Good career development can promote personal growth, and personal growth can also drive career development.

## 1. The Importance of Career Planning

### 1.1 Clarify Career Goals

![Clarify Career Goals](https://trae-api-cn.mchost.guru/api/ide/v1/text_to_image?prompt=career%20development%20goal%20setting%20vision&image_size=landscape_16_9)

Clarify career goals to guide career development.

### 1.2 Improve Work Motivation

Clear career goals can improve work motivation and job satisfaction.

### 1.3 Reasonably Allocate Resources

Plan career development reasonably to allocate time and resources efficiently.

## 2. How to Make Career Plans

### 2.1 Self-Assessment

Evaluate your interests, abilities, values, and career orientation.

### 2.2 Career Exploration

Learn about different careers to find your suitable career direction.

### 2.3 Set Goals

Set short-term, medium-term, and long-term career goals.

### 2.4 Develop Action Plans

Develop specific action plans to achieve career goals.

## 3. Methods to Improve Career Skills

### 3.1 Continuous Learning

![Continuous Learning](https://trae-api-cn.mchost.guru/api/ide/v1/text_to_image?prompt=career%20development%20continuous%20learning%20skill%20development&image_size=landscape_16_9)

Maintain the habit of learning and constantly update knowledge and skills.

### 3.2 Practical Experience

Gain practical experience and improve hands-on skills.

### 3.3 Seek Feedback

Seek feedback and suggestions from others to continuously improve and grow.

### 3.4 Mentor Guidance

Find a suitable mentor for professional guidance and advice.

## 4. Important Aspects of Personal Growth

### 4.1 Emotional Management

Learn to manage your emotions and maintain a positive mindset.

### 4.2 Communication Skills

Improve communication skills to build good relationships.

### 4.3 Time Management

Learn time management to improve work efficiency.

### 4.4 Creative Thinking

Develop creative thinking to continuously innovate and improve work methods.

## 5. Managing Workplace Relationships

### 5.1 Build Good Relationships

Build good relationships with colleagues, superiors, and clients.

### 5.2 Effective Communication

![Effective Communication](https://trae-api-cn.mchost.guru/api/ide/v1/text_to_image?prompt=career%20development%20effective%20communication%20teamwork&image_size=landscape_16_9)

Communicate effectively with others to avoid misunderstandings and conflicts.

### 5.3 Teamwork

Actively participate in teamwork to achieve team goals together.

### 5.4 Conflict Resolution

Learn to handle conflicts and maintain a good work environment.

## 6. Balancing Work and Life

### 6.1 Set Boundaries

Set boundaries between work and life to avoid overworking.

### 6.2 Reasonably Schedule Time

Reasonably schedule work and life time to maintain balance.

### 6.3 Relax and Rest

Properly relax and rest to maintain physical and mental health.

### 6.4 Develop Hobbies

Develop hobbies to enrich your life.

## 7. Facing Career Challenges

### 7.1 Accept Changes

Accept changes in career development and adapt to new situations.

### 7.2 Overcome Difficulties

Bravely face difficulties and actively find solutions.

### 7.3 Seek Support

Seek support and help from others when encountering difficulties.

## 8. Conclusion

Career development and personal growth are a continuous process that requires constant learning and effort. By making career plans, improving career skills, promoting personal growth, managing relationships, and balancing work and life, we can achieve our career goals and obtain success and satisfaction.

Let us work together to achieve the win-win of career development and personal growth!', 'Career Development and Personal Growth', 'Exploring career planning and personal growth methods to help people achieve their career goals');

INSERT INTO article_categories (article_id, category_id) VALUES
('article-uuid-015', 'category-uuid-007');

INSERT INTO article_tags (article_id, tag_id) VALUES
('article-uuid-015', 'tag-uuid-008');
