-- 批次1: 导入3篇文章

-- 确保分类存在
INSERT OR IGNORE INTO categories (id, name, slug, description) VALUES
('1', '科技', 'technology', '科技相关文章'),
('2', '生活', 'lifestyle', '生活相关文章'),
('3', '旅行', 'travel', '旅行相关文章'),
('4', '美食', 'food', '美食相关文章'),
('5', '健康', 'health', '健康相关文章'),
('6', '教育', 'education', '教育相关文章'),
('7', '职场', 'career', '职场相关文章'),
('8', '科学', 'science', '科学相关文章');

-- 确保标签存在
INSERT OR IGNORE INTO tags (id, name, slug, color) VALUES
('1', '人工智能', 'ai', '#3498db'),
('2', '编程', 'programming', '#2ecc71'),
('3', '生活方式', 'lifestyle', '#f39c12'),
('4', '旅行攻略', 'travel-guide', '#e74c3c'),
('5', '美食探店', 'food-review', '#9b59b6'),
('6', '健康生活', 'healthy-living', '#1abc9c'),
('7', '教育方法', 'education-methods', '#34495e'),
('8', '职场技能', 'career-skills', '#e67e22'),
('9', '科学研究', 'scientific-research', '#16a085'),
('10', '未来趋势', 'future-trends', '#8e44ad');

-- 文章1: 人工智能的未来发展趋势
INSERT INTO articles (id, author_id, slug, status, is_premium, cover_image, published_at, view_count, ai_generated, created_at, updated_at) VALUES
('1', '1', 'ai-future-trends', 'PUBLISHED', 0, 'https://trae-api-cn.mchost.guru/api/ide/v1/text_to_image?prompt=artificial%20intelligence%20future%20technology%20concept&image_size=landscape_16_9', '2024-01-01 00:00:00', 1000, 1, '2024-01-01 00:00:00', '2024-01-01 00:00:00');

INSERT INTO article_translations (id, article_id, locale, title, excerpt, content, meta_title, meta_description) VALUES
('1', '1', 'zh', '人工智能的未来发展趋势', '探索AI技术的最新进展和未来可能的发展方向', '# 人工智能的未来发展趋势

![人工智能概念图](https://trae-api-cn.mchost.guru/api/ide/v1/text_to_image?prompt=artificial%20intelligence%20future%20technology%20concept&image_size=landscape_16_9)

人工智能（AI）作为当今科技领域最热门的话题之一，正以惊人的速度改变着我们的生活和工作方式。从智能手机中的语音助手到自动驾驶汽车，AI已经渗透到我们日常生活的方方面面。

## 一、AI技术的最新进展

近年来，AI技术取得了突破性的进展，特别是在以下几个领域：

### 1. 深度学习

![深度学习概念图](https://trae-api-cn.mchost.guru/api/ide/v1/text_to_image?prompt=deep%20learning%20neural%20network%20technology&image_size=landscape_16_9)

深度学习作为AI的核心技术之一，通过模拟人脑的神经网络结构，实现了对复杂数据的高效处理。从图像识别到自然语言处理，深度学习已经成为许多AI应用的基础。

### 2. 大语言模型

![大语言模型概念图](https://trae-api-cn.mchost.guru/api/ide/v1/text_to_image?prompt=large%20language%20model%20AI%20text%20generation&image_size=landscape_16_9)

以GPT为代表的大语言模型的出现，标志着AI在自然语言处理领域的重大突破。这些模型能够生成连贯、有逻辑的文本，甚至能够进行复杂的推理和创意写作。

### 3. 计算机视觉

![计算机视觉概念图](https://trae-api-cn.mchost.guru/api/ide/v1/text_to_image?prompt=computer%20vision%20image%20recognition%20technology&image_size=landscape_16_9)

计算机视觉技术的进步使得AI能够更准确地识别和理解图像内容，从人脸识别到物体检测，计算机视觉已经在安防、医疗等领域得到广泛应用。

## 二、AI的未来发展方向

展望未来，AI技术将在以下几个方面继续发展：

### 1. 多模态AI

多模态AI将整合文本、图像、音频等多种信息，实现更全面的理解和处理能力。这将使得AI系统能够像人类一样，通过多种感官获取信息并做出决策。

### 2. 可解释性AI

随着AI在关键领域的应用越来越广泛，人们对AI决策过程的可解释性要求也越来越高。未来的AI系统将更加透明，能够清晰地解释其决策依据。

### 3. 个性化AI

个性化AI将根据用户的需求和偏好，提供定制化的服务和体验。从个性化推荐到个性化教育，AI将成为每个人的智能助手。

## 三、AI对社会的影响

AI技术的发展将对社会产生深远的影响：

### 1. 就业市场

AI的发展将改变就业市场的结构，一些重复性工作可能会被AI取代，同时也会创造新的就业机会。

### 2. 教育领域

AI将为教育带来革新，通过个性化学习和智能辅导，提高教育质量和效率。

### 3. 医疗健康

AI在医疗领域的应用将提高诊断准确性和治疗效果，为患者提供更好的医疗服务。

## 四、AI发展面临的挑战

尽管AI技术发展迅速，但仍然面临一些挑战：

### 1. 数据隐私

AI系统需要大量数据进行训练，如何保护用户隐私成为一个重要问题。

### 2. 算法偏见

AI系统可能会继承训练数据中的偏见，导致不公平的决策。

### 3. 伦理问题

AI的发展引发了一系列伦理问题，如AI的责任归属、AI对人类的影响等。

## 五、结论

人工智能的未来充满无限可能，它将继续推动科技进步，改变我们的生活方式。同时，我们也需要认真思考如何确保AI的发展符合人类的利益，实现人机和谐共处。

作为科技发展的前沿领域，AI的未来值得我们密切关注和深入探索。', '人工智能的未来发展趋势', '探索AI技术的最新进展和未来可能的发展方向'),
('2', '1', 'en', 'The Future Development Trends of Artificial Intelligence', 'Exploring the latest advances in AI technology and possible future directions', '# The Future Development Trends of Artificial Intelligence

Artificial Intelligence (AI), as one of the hottest topics in today''s technology field, is changing our way of life and work at an amazing speed. From voice assistants in smartphones to self-driving cars, AI has penetrated into every aspect of our daily lives.

## 1. Latest Advances in AI Technology

In recent years, AI technology has made breakthrough progress, especially in the following areas:

### 1.1 Deep Learning

Deep learning, as one of the core technologies of AI, realizes efficient processing of complex data by simulating the neural network structure of the human brain. From image recognition to natural language processing, deep learning has become the foundation of many AI applications.

### 1.2 Large Language Models

The emergence of large language models represented by GPT marks a major breakthrough in AI in the field of natural language processing. These models can generate coherent, logical text, and even perform complex reasoning and creative writing.

### 1.3 Computer Vision

Advances in computer vision technology enable AI to more accurately identify and understand image content, from face recognition to object detection, computer vision has been widely used in security, medical and other fields.

## 2. Future Development Directions of AI

Looking to the future, AI technology will continue to develop in the following aspects:

### 2.1 Multimodal AI

Multimodal AI will integrate multiple information such as text, image, audio, etc., to achieve more comprehensive understanding and processing capabilities. This will enable AI systems to acquire information and make decisions through multiple senses like humans.

### 2.2 Explainable AI

As AI is increasingly applied in key fields, people''s requirements for the interpretability of AI decision-making processes are also increasing. Future AI systems will be more transparent and able to clearly explain the basis for their decisions.

### 2.3 Personalized AI

Personalized AI will provide customized services and experiences based on users'' needs and preferences. From personalized recommendations to personalized education, AI will become everyone''s intelligent assistant.

## 3. The Impact of AI on Society

The development of AI technology will have a profound impact on society:

### 3.1 Job Market

The development of AI will change the structure of the job market, some repetitive jobs may be replaced by AI, while also creating new job opportunities.

### 3.2 Education Field

AI will bring innovation to education, improving the quality and efficiency of education through personalized learning and intelligent tutoring.

### 3.3 Healthcare

The application of AI in the medical field will improve diagnostic accuracy and treatment effects, providing better medical services for patients.

## 4. Challenges Facing AI Development

Despite the rapid development of AI technology, it still faces some challenges:

### 4.1 Data Privacy

AI systems need a lot of data for training, and how to protect user privacy has become an important issue.

### 4.2 Algorithm Bias

AI systems may inherit biases in training data, leading to unfair decisions.

### 4.3 Ethical Issues

The development of AI has raised a series of ethical issues, such as the attribution of AI responsibility, the impact of AI on humans, etc.

## 5. Conclusion

The future of artificial intelligence is full of infinite possibilities, it will continue to promote scientific and technological progress and change our way of life. At the same time, we also need to seriously think about how to ensure that the development of AI is in line with human interests and achieve harmonious coexistence between humans and machines.

As a frontier field of technological development, the future of AI deserves our close attention and in-depth exploration.', 'The Future Development Trends of Artificial Intelligence', 'Exploring the latest advances in AI technology and possible future directions');

INSERT INTO article_categories (article_id, category_id) VALUES
('1', '1');

INSERT INTO article_tags (article_id, tag_id) VALUES
('1', '1'),
('1', '2'),
('1', '10');

-- 文章2: 健康生活方式的重要性
INSERT INTO articles (id, author_id, slug, status, is_premium, cover_image, published_at, view_count, ai_generated, created_at, updated_at) VALUES
('2', '1', 'healthy-lifestyle-importance', 'PUBLISHED', 0, 'https://trae-api-cn.mchost.guru/api/ide/v1/text_to_image?prompt=healthy%20lifestyle%20wellness%20fitness%20concept&image_size=landscape_16_9', '2024-01-02 00:00:00', 800, 1, '2024-01-02 00:00:00', '2024-01-02 00:00:00');

INSERT INTO article_translations (id, article_id, locale, title, excerpt, content, meta_title, meta_description) VALUES
('3', '2', 'zh', '健康生活方式的重要性', '探讨健康生活方式对身心健康的积极影响', '# 健康生活方式的重要性

![健康生活方式概念图](https://trae-api-cn.mchost.guru/api/ide/v1/text_to_image?prompt=healthy%20lifestyle%20wellness%20fitness%20concept&image_size=landscape_16_9)

健康是人类最宝贵的财富，而健康的生活方式则是维护健康的重要基础。在快节奏的现代社会中，越来越多的人开始意识到健康生活方式的重要性。

## 一、健康生活方式的定义

健康生活方式是指一系列有利于身心健康的行为和习惯，包括合理饮食、适量运动、充足睡眠、心理平衡等方面。

### 1. 合理饮食

![健康饮食概念图](https://trae-api-cn.mchost.guru/api/ide/v1/text_to_image?prompt=healthy%20diet%20nutrition%20balanced%20food&image_size=landscape_16_9)

合理饮食是健康生活方式的基础，它要求我们摄入均衡的营养，包括蛋白质、碳水化合物、脂肪、维生素和矿物质等。

### 2. 适量运动

![适量运动概念图](https://trae-api-cn.mchost.guru/api/ide/v1/text_to_image?prompt=moderate%20exercise%20fitness%20workout%20concept&image_size=landscape_16_9)

适量运动可以增强体质，提高免疫力，预防疾病。每周至少进行150分钟的中等强度有氧运动，如快走、跑步、游泳等。

### 3. 充足睡眠

![充足睡眠概念图](https://trae-api-cn.mchost.guru/api/ide/v1/text_to_image?prompt=quality%20sleep%20rest%20night%20concept&image_size=landscape_16_9)

充足的睡眠对身体健康至关重要，成年人每天应该保证7-8小时的睡眠时间。

### 4. 心理平衡

![心理平衡概念图](https://trae-api-cn.mchost.guru/api/ide/v1/text_to_image?prompt=mental%20balance%20peaceful%20mind%20wellbeing&image_size=landscape_16_9)

保持心理平衡，积极乐观的心态，有助于减轻压力，提高生活质量。

## 二、健康生活方式的益处

### 1. 预防疾病

健康的生活方式可以有效预防多种慢性疾病，如高血压、糖尿病、心脏病等。

### 2. 提高生活质量

健康的身体和心理状态可以提高我们的生活质量，使我们更有精力和热情去面对生活中的各种挑战。

### 3. 延长寿命

研究表明，坚持健康生活方式的人比不健康生活方式的人寿命更长。

### 4. 提高工作效率

健康的身体和心理状态可以提高我们的工作效率，使我们在工作中表现更加出色。

## 三、如何培养健康生活方式

### 1. 制定合理的计划

制定一个适合自己的健康计划，包括饮食、运动、睡眠等方面的安排。

### 2. 循序渐进

培养健康生活方式需要循序渐进，不要急于求成，逐渐改变不良习惯。

### 3. 坚持到底

健康生活方式的培养需要长期坚持，只有持之以恒，才能取得良好的效果。

### 4. 寻求支持

寻求家人、朋友的支持和鼓励，共同培养健康的生活方式。

## 四、健康生活方式的具体实践

### 1. 饮食方面

- 多吃蔬菜水果，少吃油腻、辛辣的食物
- 控制饮食量，避免暴饮暴食
- 多喝水，少喝含糖饮料
- 定时定量进餐，避免过度饥饿或过饱

### 2. 运动方面

- 每天坚持适量运动，如散步、慢跑、瑜伽等
- 选择适合自己的运动方式，避免过度运动
- 运动前后做好热身和放松运动
- 保持运动的多样性，避免单调

### 3. 睡眠方面

- 保持规律的作息时间，每天按时睡觉和起床
- 创造良好的睡眠环境，保持卧室安静、舒适
- 睡前避免使用电子设备，避免刺激性食物和饮料
- 如有睡眠问题，及时寻求医生的帮助

### 4. 心理方面

- 保持积极乐观的心态，学会应对压力
- 培养兴趣爱好，丰富业余生活
- 与家人、朋友保持良好的沟通
- 如有心理问题，及时寻求专业帮助

## 五、结论

健康生活方式是我们健康的基石，它不仅可以预防疾病，提高生活质量，还可以延长寿命。培养健康生活方式需要我们从日常生活的点滴做起，坚持良好的饮食、运动、睡眠和心理习惯。

让我们一起行动起来，培养健康的生活方式，享受健康快乐的人生！', '健康生活方式的重要性', '探讨健康生活方式对身心健康的积极影响'),
('4', '2', 'en', 'The Importance of a Healthy Lifestyle', 'Exploring the positive impact of a healthy lifestyle on physical and mental health', '# The Importance of a Healthy Lifestyle

Health is the most valuable wealth of human beings, and a healthy lifestyle is an important foundation for maintaining health. In the fast-paced modern society, more and more people are beginning to realize the importance of a healthy lifestyle.

## 1. Definition of a Healthy Lifestyle

A healthy lifestyle refers to a series of behaviors and habits that are beneficial to physical and mental health, including reasonable diet, moderate exercise, adequate sleep, psychological balance and other aspects.

### 1.1 Reasonable Diet

Reasonable diet is the basis of a healthy lifestyle, it requires us to intake balanced nutrition, including protein, carbohydrates, fats, vitamins and minerals.

### 1.2 Moderate Exercise

Moderate exercise can enhance physical fitness, improve immunity, and prevent diseases. Do at least 150 minutes of moderate-intensity aerobic exercise per week, such as brisk walking, running, swimming, etc.

### 1.3 Adequate Sleep

Adequate sleep is crucial for physical health, adults should ensure 7-8 hours of sleep per day.

### 1.4 Psychological Balance

Maintaining psychological balance and a positive and optimistic attitude helps to reduce stress and improve quality of life.

## 2. Benefits of a Healthy Lifestyle

### 2.1 Disease Prevention

A healthy lifestyle can effectively prevent many chronic diseases, such as hypertension, diabetes, heart disease, etc.

### 2.2 Improve Quality of Life

A healthy physical and mental state can improve our quality of life, making us more energetic and enthusiastic to face various challenges in life.

### 2.3 Extend Lifespan

Studies have shown that people who adhere to a healthy lifestyle live longer than those with an unhealthy lifestyle.

### 2.4 Improve Work Efficiency

A healthy physical and mental state can improve our work efficiency, making us perform better at work.

## 3. How to Cultivate a Healthy Lifestyle

### 3.1 Make a Reasonable Plan

Make a healthy plan suitable for yourself, including arrangements for diet, exercise, sleep and other aspects.

### 3.2 Step by Step

Cultivating a healthy lifestyle requires gradual progress, not rushing for success, and gradually changing bad habits.

### 3.3 Persist to the End

The cultivation of a healthy lifestyle requires long-term persistence, only with perseverance can we achieve good results.

### 3.4 Seek Support

Seek the support and encouragement of family and friends to jointly cultivate a healthy lifestyle.

## 4. Specific Practice of Healthy Lifestyle

### 4.1 Diet

- Eat more vegetables and fruits, eat less greasy and spicy food
- Control food intake, avoid overeating
- Drink more water, less sugary drinks
- Eat regularly and quantitatively, avoid excessive hunger or overfull

### 4.2 Exercise

- Insist on moderate exercise every day, such as walking, jogging, yoga, etc.
- Choose exercise methods suitable for yourself, avoid excessive exercise
- Do warm-up and relaxation exercises before and after exercise
- Maintain the diversity of exercise to avoid monotony

### 4.3 Sleep

- Maintain regular work and rest time, go to bed and get up on time every day
- Create a good sleep environment, keep the bedroom quiet and comfortable
- Avoid using electronic devices before going to bed, avoid stimulating food and drinks
- If there are sleep problems, seek medical help in time

### 4.4 Psychology

- Maintain a positive and optimistic attitude, learn to cope with stress
- Cultivate hobbies, enrich spare time life
- Maintain good communication with family and friends
- If there are psychological problems, seek professional help in time

## 5. Conclusion

A healthy lifestyle is the cornerstone of our health, it can not only prevent diseases, improve quality of life, but also extend lifespan. Cultivating a healthy lifestyle requires us to start from the daily life, adhere to good diet, exercise, sleep and psychological habits.  Let''s take action together, cultivate a healthy lifestyle, and enjoy a healthy and happy life!', 'The Importance of a Healthy Lifestyle', 'Exploring the positive impact of a healthy lifestyle on physical and mental health');

INSERT INTO article_categories (article_id, category_id) VALUES
('2', '5');

INSERT INTO article_tags (article_id, tag_id) VALUES
('2', '6');

-- 文章3: 旅行中的文化体验
INSERT INTO articles (id, author_id, slug, status, is_premium, cover_image, published_at, view_count, ai_generated, created_at, updated_at) VALUES
('3', '1', 'cultural-experience-travel', 'PUBLISHED', 0, 'https://trae-api-cn.mchost.guru/api/ide/v1/text_to_image?prompt=travel%20cultural%20experience%20traditional%20festival&image_size=landscape_16_9', '2024-01-03 00:00:00', 900, 1, '2024-01-03 00:00:00', '2024-01-03 00:00:00');

INSERT INTO article_translations (id, article_id, locale, title, excerpt, content, meta_title, meta_description) VALUES
('5', '3', 'zh', '旅行中的文化体验', '探索不同国家和地区的文化特色，丰富旅行的意义', '# 旅行中的文化体验

![旅行文化体验概念图](https://trae-api-cn.mchost.guru/api/ide/v1/text_to_image?prompt=travel%20cultural%20experience%20traditional%20festival&image_size=landscape_16_9)

旅行不仅仅是欣赏风景，更是一种文化的交流和体验。在旅行中，我们可以接触到不同的文化、习俗和生活方式，这不仅可以拓宽我们的视野，还可以让我们更深入地了解这个世界。

## 一、文化体验的重要性

### 1. 拓宽视野

![拓宽视野概念图](https://trae-api-cn.mchost.guru/api/ide/v1/text_to_image?prompt=global%20视野%20world%20culture%20diversity&image_size=landscape_16_9)

通过接触不同的文化，我们可以了解到世界的多样性，拓宽自己的视野，打破固有的思维模式。

### 2. 促进理解与包容

![文化理解概念图](https://trae-api-cn.mchost.guru/api/ide/v1/text_to_image?prompt=cultural%20understanding%20tolerance%20diversity&image_size=landscape_16_9)

了解不同文化的背景和特点，可以促进不同文化之间的理解与包容，减少偏见和误解。

### 3. 丰富旅行体验

![丰富旅行体验概念图](https://trae-api-cn.mchost.guru/api/ide/v1/text_to_image?prompt=enriching%20travel%20experience%20cultural%20immersion&image_size=landscape_16_9)

文化体验可以让旅行更加丰富多彩，不仅仅是看风景，更是深入了解当地的历史、传统和生活方式。

### 4. 个人成长

![个人成长概念图](https://trae-api-cn.mchost.guru/api/ide/v1/text_to_image?prompt=personal%20growth%20cross-cultural%20development&image_size=landscape_16_9)

文化体验可以促进个人的成长和发展，培养我们的适应能力和跨文化交流能力。

## 二、如何在旅行中体验文化

### 1. 了解当地历史和文化背景

在旅行前，了解当地的历史和文化背景，可以帮助我们更好地理解当地的文化现象和习俗。

### 2. 参与当地的传统活动

参与当地的传统活动，如节日庆典、民俗表演等，可以亲身体验当地的文化特色。

### 3. 品尝当地美食

美食是文化的重要组成部分，品尝当地美食可以了解当地的饮食文化和生活方式。

### 4. 与当地人交流

与当地人交流，了解他们的生活和想法，可以更深入地了解当地的文化。

### 5. 参观文化景点

参观当地的博物馆、历史遗迹、艺术展览等文化景点，可以系统地了解当地的文化。

## 三、不同地区的文化体验

### 1. 亚洲文化

亚洲文化有着悠久的历史和丰富的内涵，如中国的传统文化、日本的和风文化、印度的宗教文化等。

### 2. 欧洲文化

欧洲文化以其深厚的历史底蕴和艺术成就而闻名，如希腊的古典文化、意大利的文艺复兴文化、法国的浪漫文化等。

### 3. 非洲文化

非洲文化充满了原始的活力和独特的魅力，如非洲的部落文化、音乐舞蹈文化等。

### 4. 美洲文化

美洲文化融合了多种文化元素，如美国的多元文化、墨西哥的玛雅文化、巴西的桑巴文化等。

## 四、文化体验的注意事项

### 1. 尊重当地文化

在体验当地文化时，要尊重当地的习俗和禁忌，避免做出冒犯当地文化的行为。

### 2. 保持开放的心态

保持开放的心态，接纳不同的文化观念和生活方式，不要以自己的文化标准去评判其他文化。

### 3. 注意安全

在参与当地活动时，要注意自身安全，遵守当地的法律法规。

### 4. 保护环境

在旅行中，要注意保护环境，不要破坏当地的文化遗产和自然环境。

## 五、文化体验的收获

### 1. 知识的增长

通过文化体验，我们可以学习到许多关于历史、艺术、宗教等方面的知识。

### 2. 视野的开阔

文化体验可以让我们看到不同的生活方式和价值观，开阔我们的视野。

### 3. 友谊的建立

在文化交流中，我们可以结识来自不同国家和地区的朋友，建立跨国友谊。

### 4. 自我的提升

文化体验可以促进我们的自我提升，培养我们的跨文化交流能力和适应能力。

## 六、结论

旅行中的文化体验是一种宝贵的经历，它可以让我们更深入地了解这个世界，拓宽我们的视野，促进不同文化之间的理解与包容。在旅行中，我们应该积极参与当地的文化活动，与当地人交流，品尝当地美食，参观文化景点，以获得更丰富的文化体验。

让我们带着开放的心态，踏上文化之旅，探索世界的多样性，感受不同文化的魅力！', '旅行中的文化体验', '探索不同国家和地区的文化特色，丰富旅行的意义'),
('6', '3', 'en', 'Cultural Experiences in Travel', 'Exploring cultural characteristics of different countries and regions to enrich the meaning of travel', '# Cultural Experiences in Travel

Travel is not just about enjoying scenery, but also about cultural exchange and experience. During travel, we can come into contact with different cultures, customs and lifestyles, which can not only broaden our horizons, but also allow us to understand the world more deeply.

## 1. The Importance of Cultural Experience

### 1.1 Broaden Horizons

By contacting different cultures, we can understand the diversity of the world, broaden our horizons, and break down inherent thinking patterns.

### 1.2 Promote Understanding and Tolerance

Understanding the background and characteristics of different cultures can promote understanding and tolerance between different cultures, and reduce prejudice and misunderstanding.

### 1.3 Enrich Travel Experience

Cultural experience can make travel more colorful, not just seeing scenery, but also deeply understanding the local history, traditions and lifestyle.

### 1.4 Personal Growth

Cultural experience can promote personal growth and development, cultivate our adaptability and cross-cultural communication skills.

## 2. How to Experience Culture in Travel

### 2.1 Understand Local History and Cultural Background

Before traveling, understanding the local history and cultural background can help us better understand local cultural phenomena and customs.

### 2.2 Participate in Local Traditional Activities

Participating in local traditional activities, such as festivals, folk performances, etc., can personally experience local cultural characteristics.

### 2.3 Taste Local Food

Food is an important part of culture, tasting local food can understand local food culture and lifestyle.

### 2.4 Communicate with Locals

Communicating with locals, understanding their lives and ideas, can deeper understand local culture.

### 2.5 Visit Cultural Attractions

Visiting local museums, historical sites, art exhibitions and other cultural attractions can systematically understand local culture.

## 3. Cultural Experiences in Different Regions

### 3.1 Asian Culture

Asian culture has a long history and rich connotation, such as Chinese traditional culture, Japanese style culture, Indian religious culture, etc.

### 3.2 European Culture

European culture is famous for its profound historical heritage and artistic achievements, such as Greek classical culture, Italian Renaissance culture, French romantic culture, etc.

### 3.3 African Culture

African culture is full of primitive vitality and unique charm, such as African tribal culture, music and dance culture, etc.

### 3.4 American Culture

American culture integrates multiple cultural elements, such as American multiculturalism, Mexican Mayan culture, Brazilian samba culture, etc.

## 4. Notes for Cultural Experience

### 4.1 Respect Local Culture

When experiencing local culture, respect local customs and taboos, avoid behaviors that offend local culture.

### 4.2 Keep an Open Mind

Keep an open mind, accept different cultural concepts and lifestyles, do not judge other cultures by your own cultural standards.

### 4.3 Pay Attention to Safety

When participating in local activities, pay attention to your own safety and abide by local laws and regulations.

### 4.4 Protect the Environment

During travel, pay attention to protecting the environment, do not damage local cultural heritage and natural environment.

## 5. Harvests of Cultural Experience

### 5.1 Increase in Knowledge

Through cultural experience, we can learn a lot about history, art, religion and other aspects of knowledge.

### 5.2 Broadening of Horizons

Cultural experience can let us see different lifestyles and values, broaden our horizons.

### 5.3 Establishment of Friendship

In cultural exchange, we can meet friends from different countries and regions, and establish transnational friendship.

### 5.4 Self-improvement

Cultural experience can promote our self-improvement, cultivate our cross-cultural communication skills and adaptability.

## 6. Conclusion

Cultural experience in travel is a valuable experience, it can let us understand the world more deeply, broaden our horizons, and promote understanding and tolerance between different cultures. During travel, we should actively participate in local cultural activities, communicate with locals, taste local food, visit cultural attractions, to obtain richer cultural experience.

Let us embark on a cultural journey with an open mind, explore the diversity of the world, and feel the charm of different cultures!', 'Cultural Experiences in Travel', 'Exploring cultural characteristics of different countries and regions to enrich the meaning of travel');

INSERT INTO article_categories (article_id, category_id) VALUES
('3', '3');

INSERT INTO article_tags (article_id, tag_id) VALUES
('3', '4');