-- 批次3: 导入3篇文章

-- 文章7: 科技创新与社会发展
INSERT INTO articles (id, author_id, slug, status, is_premium, is_pinned, cover_image, published_at, view_count, ai_generated, created_at, updated_at) VALUES
('7', '1', 'tech-innovation-social-development', 'PUBLISHED', 0, 0, 'https://trae-api-cn.mchost.guru/api/ide/v1/text_to_image?prompt=technological%20innovation%20social%20development%20future%20technology&image_size=landscape_16_9', '2024-01-07 00:00:00', 1300, 1, '2024-01-07 00:00:00', '2024-01-07 00:00:00');

INSERT INTO article_translations (id, article_id, locale, title, excerpt, content, meta_title, meta_description) VALUES
('13', '7', 'zh', '科技创新与社会发展', '探讨科技创新如何推动社会发展，以及未来科技发展的趋势', '# 科技创新与社会发展

![科技创新与社会发展概念图](https://trae-api-cn.mchost.guru/api/ide/v1/text_to_image?prompt=technological%20innovation%20social%20development%20future%20technology&image_size=landscape_16_9)

科技创新是推动社会发展的重要动力，从工业革命到信息革命，每一次科技突破都给人类社会带来了深远的影响。在当今时代，科技创新的速度和广度更是前所未有的。

## 一、科技创新的重要性

### 1. 推动经济增长

![科技创新推动经济增长概念图](https://trae-api-cn.mchost.guru/api/ide/v1/text_to_image?prompt=innovation%20driving%20economic%20growth%20technology%20development&image_size=landscape_16_9)

科技创新是经济增长的核心动力，通过提高生产效率、创造新的产业和就业机会，推动经济持续发展。

### 2. 改善生活质量

![科技创新改善生活质量概念图](https://trae-api-cn.mchost.guru/api/ide/v1/text_to_image?prompt=technology%20improving%20quality%20of%20life%20smart%20living&image_size=landscape_16_9)

科技创新通过提供更便捷的服务、更先进的医疗技术、更智能的生活方式，显著改善了人们的生活质量。

### 3. 解决社会问题

![科技创新解决社会问题概念图](https://trae-api-cn.mchost.guru/api/ide/v1/text_to_image?prompt=technology%20solving%20social%20problems%20sustainability&image_size=landscape_16_9)

科技创新为解决环境污染、资源短缺、医疗健康等社会问题提供了新的思路和方法。

## 二、科技创新的主要领域

### 1. 人工智能

人工智能技术的发展正在改变我们的生活和工作方式，从智能助手到自动驾驶，AI的应用越来越广泛。

### 2. 生物技术

生物技术的突破为医疗健康、农业生产等领域带来了革命性的变化，如基因编辑、合成生物学等。

### 3. 可再生能源

可再生能源技术的发展为解决能源危机和环境问题提供了新的途径，如太阳能、风能、氢能等。

### 4. 量子计算

量子计算的发展将为计算能力带来质的飞跃，有望解决传统计算机难以解决的复杂问题。

## 三、科技创新对社会的影响

### 1. 就业市场的变化

科技创新将改变就业市场的结构，一些传统职业可能会被淘汰，同时也会创造新的就业机会。

### 2. 教育方式的变革

科技创新将推动教育方式的变革，如在线教育、个性化学习、虚拟现实教学等。

### 3. 社会结构的调整

科技创新将影响社会结构，改变人们的社交方式、工作方式和生活方式。

### 4. 全球竞争格局的变化

科技创新将重塑全球竞争格局，科技实力成为国家竞争力的核心要素。

## 四、未来科技创新的趋势

### 1. 多学科交叉融合

未来的科技创新将更加注重多学科的交叉融合，如人工智能与生物技术的结合、信息技术与材料科学的结合等。

### 2. 智能化和自动化

智能化和自动化将成为未来科技发展的重要趋势，从智能制造到智能交通，智能化将渗透到各个领域。

### 3. 可持续发展导向

未来的科技创新将更加注重可持续发展，以解决环境问题和资源短缺为目标。

### 4. 人机协同

人机协同将成为未来科技发展的重要方向，通过人机合作提高工作效率和生活质量。

## 五、如何促进科技创新

### 1. 加大研发投入

政府和企业应该加大对研发的投入，为科技创新提供充足的资金支持。

### 2. 培养创新人才

教育系统应该注重培养学生的创新能力和批判性思维，为科技创新提供人才支撑。

### 3. 完善创新生态系统

政府应该完善创新生态系统，包括知识产权保护、风险投资、创业孵化等，为科技创新提供良好的环境。

### 4. 加强国际合作

科技创新需要加强国际合作，共享知识和资源，共同应对全球性挑战。

## 六、结论

科技创新是推动社会发展的重要动力，在未来的发展中，我们需要更加注重科技创新的方向和影响，确保科技创新为人类社会的可持续发展服务。

让我们共同努力，推动科技创新，创造更加美好的未来！', '科技创新与社会发展', '探讨科技创新如何推动社会发展，以及未来科技发展的趋势'),
('14', '7', 'en', 'Technological Innovation and Social Development', 'Exploring how technological innovation drives social development and future technology trends', '# Technological Innovation and Social Development

![Technological Innovation and Social Development](https://trae-api-cn.mchost.guru/api/ide/v1/text_to_image?prompt=technological%20innovation%20social%20development%20future%20technology&image_size=landscape_16_9)

Technological innovation is an important driving force for social development. From the industrial revolution to the information revolution, every technological breakthrough has brought profound impacts on human society. In today''s era, the speed and breadth of technological innovation are unprecedented.

## 1. The Importance of Technological Innovation

### 1.1 Driving Economic Growth

![Innovation Driving Economic Growth](https://trae-api-cn.mchost.guru/api/ide/v1/text_to_image?prompt=innovation%20driving%20economic%20growth%20technology%20development&image_size=landscape_16_9)

Technological innovation is the core driving force for economic growth, promoting sustainable economic development by improving production efficiency, creating new industries and employment opportunities.

### 1.2 Improving Quality of Life

![Technology Improving Quality of Life](https://trae-api-cn.mchost.guru/api/ide/v1/text_to_image?prompt=technology%20improving%20quality%20of%20life%20smart%20living&image_size=landscape_16_9)

Technological innovation has significantly improved people''s quality of life by providing more convenient services, more advanced medical technology, and smarter lifestyles.

### 1.3 Solving Social Problems

![Technology Solving Social Problems](https://trae-api-cn.mchost.guru/api/ide/v1/text_to_image?prompt=technology%20solving%20social%20problems%20sustainability&image_size=landscape_16_9)

Technological innovation provides new ideas and methods for solving social problems such as environmental pollution, resource shortage, and healthcare.

## 2. Main Fields of Technological Innovation

### 2.1 Artificial Intelligence

The development of artificial intelligence technology is changing our way of life and work, from intelligent assistants to autonomous driving, AI applications are becoming more and more widespread.

### 2.2 Biotechnology

Breakthroughs in biotechnology have brought revolutionary changes to fields such as healthcare and agricultural production, such as gene editing and synthetic biology.

### 2.3 Renewable Energy

The development of renewable energy technology provides a new way to solve energy crisis and environmental problems, such as solar energy, wind energy, and hydrogen energy.

### 2.4 Quantum Computing

The development of quantum computing will bring a qualitative leap in computing power, which is expected to solve complex problems that traditional computers cannot solve.

## 3. The Impact of Technological Innovation on Society

### 3.1 Changes in the Job Market

Technological innovation will change the structure of the job market, some traditional occupations may be eliminated, and new job opportunities will also be created.

### 3.2 Transformation of Education Methods

Technological innovation will promote the transformation of education methods, such as online education, personalized learning, and virtual reality teaching.

### 3.3 Adjustment of Social Structure

Technological innovation will affect social structure, changing people''s social methods, working methods, and lifestyles.

### 3.4 Changes in Global Competition Pattern

Technological innovation will reshape the global competition pattern, and technological strength has become the core element of national competitiveness.

## 4. Future Trends of Technological Innovation

### 4.1 Interdisciplinary Integration

Future technological innovation will pay more attention to interdisciplinary integration, such as the combination of artificial intelligence and biotechnology, information technology and materials science.

### 4.2 Intelligence and Automation

Intelligence and automation will become important trends in future technological development, from intelligent manufacturing to intelligent transportation, intelligence will penetrate into various fields.

### 4.3 Sustainable Development Orientation

Future technological innovation will pay more attention to sustainable development, with the goal of solving environmental problems and resource shortages.

### 4.4 Human-Machine Collaboration

Human-machine collaboration will become an important direction for future technological development, improving work efficiency and quality of life through human-machine cooperation.

## 5. How to Promote Technological Innovation

### 5.1 Increase R&D Investment

Governments and enterprises should increase investment in R&D to provide sufficient financial support for technological innovation.

### 5.2 Cultivate Innovative Talents

The education system should focus on cultivating students'' innovative ability and critical thinking to provide talent support for technological innovation.

### 5.3 Improve Innovation Ecosystem

The government should improve the innovation ecosystem, including intellectual property protection, venture capital, and business incubation, to provide a good environment for technological innovation.

### 5.4 Strengthen International Cooperation

Technological innovation needs to strengthen international cooperation, share knowledge and resources, and jointly address global challenges.

## 6. Conclusion

Technological innovation is an important driving force for social development. In future development, we need to pay more attention to the direction and impact of technological innovation to ensure that technological innovation serves the sustainable development of human society.

Let us work together to promote technological innovation and create a better future!' , 'Technological Innovation and Social Development', 'Exploring how technological innovation drives social development and future technology trends');

INSERT INTO article_categories (article_id, category_id) VALUES
('7', '1');

INSERT INTO article_tags (article_id, tag_id) VALUES
('7', '1'),
('7', '10');

-- 文章8: 数字时代的隐私保护
INSERT INTO articles (id, author_id, slug, status, is_premium, is_pinned, cover_image, published_at, view_count, ai_generated, created_at, updated_at) VALUES
('8', '1', 'privacy-protection-digital-age', 'PUBLISHED', 0, 0, 'https://trae-api-cn.mchost.guru/api/ide/v1/text_to_image?prompt=privacy%20protection%20digital%20age%20data%20security&image_size=landscape_16_9', '2024-01-08 00:00:00', 1150, 1, '2024-01-08 00:00:00', '2024-01-08 00:00:00');

INSERT INTO article_translations (id, article_id, locale, title, excerpt, content, meta_title, meta_description) VALUES
('15', '8', 'zh', '数字时代的隐私保护', '探讨数字时代如何保护个人隐私，以及隐私保护面临的挑战和解决方案', '# 数字时代的隐私保护

![数字时代的隐私保护概念图](https://trae-api-cn.mchost.guru/api/ide/v1/text_to_image?prompt=privacy%20protection%20digital%20age%20data%20security&image_size=landscape_16_9)

在数字时代，随着互联网、大数据、人工智能等技术的快速发展，个人隐私保护面临着前所未有的挑战。如何在享受数字技术带来便利的同时，保护好个人隐私，成为了一个重要的社会问题。

## 一、数字时代隐私保护的重要性

### 1. 个人权利的体现

![个人隐私权利概念图](https://trae-api-cn.mchost.guru/api/ide/v1/text_to_image?prompt=personal%20privacy%20rights%20digital%20protection&image_size=landscape_16_9)

隐私是个人的基本权利，保护个人隐私是尊重人权的重要体现。在数字时代，个人隐私的范围和内涵已经发生了很大的变化，需要我们重新认识和重视。

### 2. 数据安全的需要

![数据安全概念图](https://trae-api-cn.mchost.guru/api/ide/v1/text_to_image?prompt=data%20security%20privacy%20protection%20cybersecurity&image_size=landscape_16_9)

随着个人数据的大量收集和使用，数据安全问题日益突出。保护个人隐私是确保数据安全的重要方面，防止个人数据被滥用和泄露。

### 3. 社会信任的基础

![社会信任概念图](https://trae-api-cn.mchost.guru/api/ide/v1/text_to_image?prompt=social%20trust%20privacy%20protection%20digital%20society&image_size=landscape_16_9)

良好的隐私保护机制是建立社会信任的基础，只有当人们相信自己的隐私得到保护时，才会更积极地参与数字社会的建设。

## 二、数字时代隐私保护面临的挑战

### 1. 数据收集的普遍性

在数字时代，个人数据的收集变得越来越普遍，从社交媒体到电子商务，从智能设备到移动应用，几乎所有的数字服务都在收集用户数据。

### 2. 数据使用的复杂性

数据的使用方式变得越来越复杂，数据可以被用于个性化推荐、广告投放、风险评估等多个领域，这使得数据的流向和使用变得难以追踪。

### 3. 技术发展的快速性

技术的快速发展使得隐私保护面临新的挑战，如人脸识别技术、大数据分析、人工智能等技术的应用，都对隐私保护提出了新的要求。

### 4. 法律监管的滞后性

法律监管往往滞后于技术的发展，现有的隐私保护法律可能无法完全应对数字时代的新挑战。

## 三、隐私保护的技术手段

### 1. 加密技术

加密技术是保护个人隐私的重要技术手段，通过对数据进行加密，可以防止数据在传输和存储过程中被窃取和滥用。

### 2. 匿名化技术

匿名化技术可以对个人数据进行处理，去除可识别个人身份的信息，同时保留数据的价值。

### 3. 区块链技术

区块链技术的去中心化和不可篡改特性，可以为隐私保护提供新的解决方案，如零知识证明、同态加密等。

### 4. 差分隐私

差分隐私技术可以在保护个人隐私的同时，允许对数据进行统计分析，平衡了数据利用和隐私保护的需求。

## 四、隐私保护的法律和政策

### 1. 全球隐私保护立法

各国都在加强隐私保护立法，如欧盟的GDPR、美国的CCPA等，为隐私保护提供了法律保障。

### 2. 行业自律

行业自律也是隐私保护的重要方面，通过制定行业标准和规范，引导企业合理收集和使用个人数据。

### 3. 个人权利意识

提高个人的隐私权利意识，让个人了解自己的权利和义务，是隐私保护的基础。

### 4. 国际合作

隐私保护是一个全球性的问题，需要国际社会的共同努力，通过国际合作制定统一的隐私保护标准和规范。

## 五、如何在数字时代保护个人隐私

### 1. 增强隐私意识

个人应该增强隐私意识，了解自己的隐私权利，关注个人数据的收集和使用情况。

### 2. 合理使用数字服务

个人应该合理使用数字服务，注意保护个人信息，避免过度分享个人数据。

### 3. 使用隐私保护工具

个人可以使用各种隐私保护工具，如虚拟专用网络（VPN）、加密通信软件、广告拦截器等，保护自己的隐私。

### 4. 参与隐私保护运动

个人可以参与隐私保护运动，支持隐私保护立法，监督企业的隐私保护行为。

## 六、隐私保护的未来发展

### 1. 技术创新

未来的技术创新将为隐私保护提供新的解决方案，如隐私计算、安全多方计算等技术的发展，将在保护隐私的同时，实现数据的有效利用。

### 2. 法律完善

未来的隐私保护法律将更加完善，适应数字时代的发展需求，为隐私保护提供更有力的法律保障。

### 3. 社会共识

未来的隐私保护将成为社会共识，企业和个人都将更加重视隐私保护，形成良好的隐私保护文化。

### 4. 国际合作

未来的隐私保护将更加注重国际合作，通过国际组织和多边机制，制定全球统一的隐私保护标准。

## 七、结论

在数字时代，隐私保护是一个复杂而重要的问题，需要技术、法律、政策和个人的共同努力。只有通过多方面的合作，才能在享受数字技术带来便利的同时，保护好个人隐私，构建一个安全、可信的数字社会。

让我们共同努力，推动隐私保护的发展，创造一个更加尊重个人隐私的数字时代！', '数字时代的隐私保护', '探讨数字时代如何保护个人隐私，以及隐私保护面临的挑战和解决方案'),
('16', '8', 'en', 'Privacy Protection in the Digital Age', 'Exploring how to protect personal privacy in the digital age, as well as the challenges and solutions for privacy protection', '# Privacy Protection in the Digital Age

![Privacy Protection in the Digital Age](https://trae-api-cn.mchost.guru/api/ide/v1/text_to_image?prompt=privacy%20protection%20digital%20age%20data%20security&image_size=landscape_16_9)

In the digital age, with the rapid development of technologies such as the Internet, big data, and artificial intelligence, personal privacy protection faces unprecedented challenges. How to protect personal privacy while enjoying the convenience brought by digital technology has become an important social issue.

## 1. The Importance of Privacy Protection in the Digital Age

### 1.1 Embodiment of Personal Rights

![Personal Privacy Rights](https://trae-api-cn.mchost.guru/api/ide/v1/text_to_image?prompt=personal%20privacy%20rights%20digital%20protection&image_size=landscape_16_9)

Privacy is a basic personal right, and protecting personal privacy is an important embodiment of respecting human rights. In the digital age, the scope and connotation of personal privacy have undergone great changes, which requires us to re-recognize and attach importance to it.

### 1.2 Need for Data Security

![Data Security](https://trae-api-cn.mchost.guru/api/ide/v1/text_to_image?prompt=data%20security%20privacy%20protection%20cybersecurity&image_size=landscape_16_9)

With the massive collection and use of personal data, data security issues have become increasingly prominent. Protecting personal privacy is an important aspect of ensuring data security, preventing personal data from being abused and leaked.

### 1.3 Foundation of Social Trust

![Social Trust](https://trae-api-cn.mchost.guru/api/ide/v1/text_to_image?prompt=social%20trust%20privacy%20protection%20digital%20society&image_size=landscape_16_9)

A good privacy protection mechanism is the foundation of building social trust. Only when people believe that their privacy is protected will they more actively participate in the construction of digital society.

## 2. Challenges Facing Privacy Protection in the Digital Age

### 2.1 Universality of Data Collection

In the digital age, the collection of personal data has become more and more common. From social media to e-commerce, from smart devices to mobile applications, almost all digital services are collecting user data.

### 2.2 Complexity of Data Use

The way data is used has become more and more complex. Data can be used for personalized recommendations, advertising, risk assessment and other fields, which makes the flow and use of data difficult to track.

### 2.3 Rapid Development of Technology

The rapid development of technology has brought new challenges to privacy protection. The application of technologies such as facial recognition, big data analysis, and artificial intelligence has put forward new requirements for privacy protection.

### 2.4 Lag of Legal Supervision

Legal supervision often lags behind the development of technology. Existing privacy protection laws may not fully address the new challenges of the digital age.

## 3. Technical Means of Privacy Protection

### 3.1 Encryption Technology

Encryption technology is an important technical means to protect personal privacy. By encrypting data, it can prevent data from being stolen and abused during transmission and storage.

### 3.2 Anonymization Technology

Anonymization technology can process personal data, remove information that can identify individuals, while retaining the value of data.

### 3.3 Blockchain Technology

The decentralized and tamper-proof characteristics of blockchain technology can provide new solutions for privacy protection, such as zero-knowledge proof and homomorphic encryption.

### 3.4 Differential Privacy

Differential privacy technology can allow statistical analysis of data while protecting personal privacy, balancing the needs of data utilization and privacy protection.

## 4. Laws and Policies for Privacy Protection

### 4.1 Global Privacy Protection Legislation

Countries are strengthening privacy protection legislation, such as the EU''s GDPR and the US''s CCPA, which provide legal guarantees for privacy protection.

### 4.2 Industry Self-discipline

Industry self-discipline is also an important aspect of privacy protection. By formulating industry standards and norms, it guides enterprises to reasonably collect and use personal data.

### 4.3 Personal Rights Awareness

Improving personal awareness of privacy rights, letting individuals understand their rights and obligations, is the basis of privacy protection.

### 4.4 International Cooperation

Privacy protection is a global issue that requires the joint efforts of the international community. Through international cooperation, unified privacy protection standards and norms are formulated.

## 5. How to Protect Personal Privacy in the Digital Age

### 5.1 Enhance Privacy Awareness

Individuals should enhance their privacy awareness, understand their privacy rights, and pay attention to the collection and use of personal data.

### 5.2 Use Digital Services Reasonably

Individuals should use digital services reasonably, pay attention to protecting personal information, and avoid over-sharing personal data.

### 5.3 Use Privacy Protection Tools

Individuals can use various privacy protection tools, such as virtual private networks (VPN), encrypted communication software, ad blockers, etc., to protect their privacy.

### 5.4 Participate in Privacy Protection Movements

Individuals can participate in privacy protection movements, support privacy protection legislation, and supervise enterprises'' privacy protection behaviors.

## 6. Future Development of Privacy Protection

### 6.1 Technological Innovation

Future technological innovation will provide new solutions for privacy protection. The development of technologies such as privacy computing and secure multi-party computing will realize the effective use of data while protecting privacy.

### 6.2 Legal Improvement

Future privacy protection laws will be more perfect, adapting to the development needs of the digital age, and providing more powerful legal guarantees for privacy protection.

### 6.3 Social Consensus

Future privacy protection will become a social consensus. Both enterprises and individuals will pay more attention to privacy protection, forming a good privacy protection culture.

### 6.4 International Cooperation

Future privacy protection will pay more attention to international cooperation. Through international organizations and multilateral mechanisms, global unified privacy protection standards will be formulated.

## 7. Conclusion

In the digital age, privacy protection is a complex and important issue that requires the joint efforts of technology, law, policy and individuals. Only through multi-faceted cooperation can we protect personal privacy while enjoying the convenience brought by digital technology, and build a safe and trustworthy digital society.

Let us work together to promote the development of privacy protection and create a digital age that respects personal privacy more!' , 'Privacy Protection in the Digital Age', 'Exploring how to protect personal privacy in the digital age, as well as the challenges and solutions for privacy protection');

INSERT INTO article_categories (article_id, category_id) VALUES
('8', '1');

INSERT INTO article_tags (article_id, tag_id) VALUES
('8', '2');

-- 文章9: 可持续发展与绿色生活
INSERT INTO articles (id, author_id, slug, status, is_premium, is_pinned, cover_image, published_at, view_count, ai_generated, created_at, updated_at) VALUES
('9', '1', 'sustainable-development-green-living', 'PUBLISHED', 0, 0, 'https://trae-api-cn.mchost.guru/api/ide/v1/text_to_image?prompt=sustainable%20development%20green%20living%20environment%20protection&image_size=landscape_16_9', '2024-01-09 00:00:00', 1050, 1, '2024-01-09 00:00:00', '2024-01-09 00:00:00');

INSERT INTO article_translations (id, article_id, locale, title, excerpt, content, meta_title, meta_description) VALUES
('17', '9', 'zh', '可持续发展与绿色生活', '探讨可持续发展的理念和实践，以及如何通过绿色生活方式促进可持续发展', '# 可持续发展与绿色生活

![可持续发展与绿色生活概念图](https://trae-api-cn.mchost.guru/api/ide/v1/text_to_image?prompt=sustainable%20development%20green%20living%20environment%20protection&image_size=landscape_16_9)

可持续发展是人类社会发展的必然选择，它强调经济、社会和环境的协调发展，追求当代人与后代人之间的公平。绿色生活方式是实现可持续发展的重要途径，通过改变消费习惯和生活方式，减少对环境的影响。

## 一、可持续发展的理念

### 1. 可持续发展的定义

![可持续发展定义概念图](https://trae-api-cn.mchost.guru/api/ide/v1/text_to_image?prompt=sustainable%20development%20definition%20environmental%20protection&image_size=landscape_16_9)

可持续发展是指既满足当代人的需求，又不损害后代人满足其需求的能力的发展。它强调经济、社会和环境的协调发展，追求三者之间的平衡。

### 2. 可持续发展的原则

![可持续发展原则概念图](https://trae-api-cn.mchost.guru/api/ide/v1/text_to_image?prompt=sustainable%20development%20principles%20environmental%20ethics&image_size=landscape_16_9)

可持续发展的原则包括公平性原则、持续性原则、共同性原则等，强调代际公平、资源的合理利用和全球合作。

### 3. 可持续发展的目标

![可持续发展目标概念图](https://trae-api-cn.mchost.guru/api/ide/v1/text_to_image?prompt=sustainable%20development%20goals%20SDGs&image_size=landscape_16_9)

联合国提出的可持续发展目标（SDGs）包括消除贫困、零饥饿、良好健康与福祉、优质教育、性别平等、清洁饮水和卫生设施、廉价和清洁能源、体面工作和经济增长、工业、创新和基础设施、减少不平等、可持续城市和社区、负责任消费和生产、气候行动、水下生物、陆地生物、和平、正义与强大机构、促进目标实现的伙伴关系等17个目标。

## 二、绿色生活方式的内涵

### 1. 绿色消费

绿色消费是指消费者在购买商品和服务时，考虑其对环境的影响，选择对环境友好的产品和服务。

### 2. 节能减排

节能减排是绿色生活的重要组成部分，通过减少能源消耗和温室气体排放，降低对环境的影响。

### 3. 资源循环利用

资源循环利用是绿色生活的重要内容，通过回收、再利用和资源化，减少资源的浪费和环境的污染。

### 4. 生态保护

生态保护是绿色生活的重要方面，通过保护自然生态系统，维护生物多样性，实现人与自然的和谐共处。

## 三、绿色生活方式的实践

### 1. 日常消费

在日常消费中，我们可以选择环保产品、减少一次性用品的使用、优先购买本地产品等，减少对环境的影响。

### 2. 交通出行

在交通出行方面，我们可以选择公共交通、骑自行车、步行等绿色出行方式，减少汽车尾气的排放。

### 3. 家居生活

在家居生活中，我们可以使用节能电器、安装太阳能设备、减少水资源的浪费等，降低能源和资源的消耗。

### 4. 饮食习惯

在饮食习惯方面，我们可以选择当地、季节性的食材，减少肉类的消费，避免食物浪费等，降低饮食对环境的影响。

## 四、可持续发展的挑战

### 1. 经济发展与环境保护的矛盾

经济发展与环境保护之间存在一定的矛盾，如何在发展经济的同时保护环境，是可持续发展面临的重要挑战。

### 2. 全球合作的难度

可持续发展是一个全球性的问题，需要各国的共同努力，但是由于国家利益的差异，全球合作面临一定的难度。

### 3. 技术创新的需求

可持续发展需要技术创新的支持，如可再生能源技术、清洁生产技术、循环经济技术等，但是技术创新需要大量的投入和时间。

### 4. 意识和行为的改变

实现可持续发展需要人们意识和行为的改变，但是改变人们的习惯和观念是一个长期的过程。

## 五、促进可持续发展的措施

### 1. 政策支持

政府应该制定和实施有利于可持续发展的政策，如环境法规、税收政策、补贴政策等，引导企业和个人采取可持续的行为。

### 2. 技术创新

企业和科研机构应该加强技术创新，开发和推广有利于可持续发展的技术，如可再生能源技术、清洁生产技术、循环经济技术等。

### 3. 教育宣传

学校和媒体应该加强可持续发展的教育和宣传，提高人们的环保意识和可持续发展意识，引导人们采取绿色生活方式。

### 4. 公众参与

公众应该积极参与可持续发展的实践，通过消费选择、志愿服务、参与环保活动等方式，为可持续发展做出贡献。

## 六、可持续发展的未来

### 1. 循环经济

循环经济将成为未来经济发展的重要模式，通过资源的循环利用，减少资源的消耗和环境的污染。

### 2. 绿色技术

绿色技术将成为未来技术发展的重要方向，如可再生能源技术、清洁生产技术、智能技术等，为可持续发展提供技术支持。

### 3. 共享经济

共享经济将成为未来经济发展的重要趋势，通过资源的共享使用，提高资源的利用效率，减少资源的浪费。

### 4. 生态文明

生态文明将成为未来社会发展的重要目标，通过人与自然的和谐共处，实现可持续发展。

## 七、结论

可持续发展是人类社会发展的必然选择，绿色生活方式是实现可持续发展的重要途径。通过政策支持、技术创新、教育宣传和公众参与，我们可以推动可持续发展的实现，创造一个更加美好的未来。

让我们从现在开始，采取绿色生活方式，为可持续发展做出自己的贡献！', '可持续发展与绿色生活', '探讨可持续发展的理念和实践，以及如何通过绿色生活方式促进可持续发展'),
('18', '9', 'en', 'Sustainable Development and Green Living', 'Exploring the concept and practice of sustainable development, and how to promote sustainable development through green lifestyle', '# Sustainable Development and Green Living

![Sustainable Development and Green Living](https://trae-api-cn.mchost.guru/api/ide/v1/text_to_image?prompt=sustainable%20development%20green%20living%20environment%20protection&image_size=landscape_16_9)

Sustainable development is an inevitable choice for human social development. It emphasizes the coordinated development of economy, society and environment, and pursues fairness between contemporary and future generations. Green lifestyle is an important way to achieve sustainable development, by changing consumption habits and lifestyles to reduce environmental impact.

## 1. The Concept of Sustainable Development

### 1.1 Definition of Sustainable Development

![Definition of Sustainable Development](https://trae-api-cn.mchost.guru/api/ide/v1/text_to_image?prompt=sustainable%20development%20definition%20environmental%20protection&image_size=landscape_16_9)

Sustainable development refers to development that meets the needs of the present without compromising the ability of future generations to meet their own needs. It emphasizes the coordinated development of economy, society and environment, and pursues a balance between the three.

### 1.2 Principles of Sustainable Development

![Principles of Sustainable Development](https://trae-api-cn.mchost.guru/api/ide/v1/text_to_image?prompt=sustainable%20development%20principles%20environmental%20ethics&image_size=landscape_16_9)

The principles of sustainable development include the principle of fairness, the principle of sustainability, the principle of commonality, etc., emphasizing intergenerational equity, rational use of resources and global cooperation.

### 1.3 Goals of Sustainable Development

![Goals of Sustainable Development](https://trae-api-cn.mchost.guru/api/ide/v1/text_to_image?prompt=sustainable%20development%20goals%20SDGs&image_size=landscape_16_9)

The Sustainable Development Goals (SDGs) proposed by the United Nations include 17 goals such as no poverty, zero hunger, good health and well-being, quality education, gender equality, clean water and sanitation, affordable and clean energy, decent work and economic growth, industry, innovation and infrastructure, reduced inequalities, sustainable cities and communities, responsible consumption and production, climate action, life below water, life on land, peace, justice and strong institutions, and partnerships for the goals.

## 2. The Connotation of Green Lifestyle

### 2.1 Green Consumption

Green consumption refers to consumers considering the environmental impact when purchasing goods and services, and choosing environmentally friendly products and services.

### 2.2 Energy Conservation and Emission Reduction

Energy conservation and emission reduction are important components of green living, reducing environmental impact by reducing energy consumption and greenhouse gas emissions.

### 2.3 Resource Recycling

Resource recycling is an important content of green living, reducing resource waste and environmental pollution through recycling, reuse and resource utilization.

### 2.4 Ecological Protection

Ecological protection is an important aspect of green living, achieving harmonious coexistence between humans and nature by protecting natural ecosystems and maintaining biodiversity.

## 3. Practice of Green Lifestyle

### 3.1 Daily Consumption

In daily consumption, we can choose environmentally friendly products, reduce the use of disposable products, and prioritize local products to reduce environmental impact.

### 3.2 Transportation

In transportation, we can choose public transportation, cycling, walking and other green travel methods to reduce car exhaust emissions.

### 3.3 Home Life

In home life, we can use energy-saving appliances, install solar equipment, and reduce water waste to reduce energy and resource consumption.

### 3.4 Eating Habits

In eating habits, we can choose local, seasonal ingredients, reduce meat consumption, and avoid food waste to reduce the environmental impact of diet.

## 4. Challenges of Sustainable Development

### 4.1 Contradiction between Economic Development and Environmental Protection

There is a certain contradiction between economic development and environmental protection. How to protect the environment while developing the economy is an important challenge facing sustainable development.

### 4.2 Difficulty of Global Cooperation

Sustainable development is a global issue that requires the joint efforts of all countries. However, due to differences in national interests, global cooperation faces certain difficulties.

### 4.3 Demand for Technological Innovation

Sustainable development requires the support of technological innovation, such as renewable energy technology, clean production technology, circular economy technology, etc. However, technological innovation requires a lot of investment and time.

### 4.4 Change of Awareness and Behavior

Achieving sustainable development requires changes in people''s awareness and behavior, but changing people''s habits and concepts is a long-term process.

## 5. Measures to Promote Sustainable Development

### 5.1 Policy Support

The government should formulate and implement policies conducive to sustainable development, such as environmental regulations, tax policies, and subsidy policies, to guide enterprises and individuals to adopt sustainable behaviors.

### 5.2 Technological Innovation

Enterprises and scientific research institutions should strengthen technological innovation, develop and promote technologies conducive to sustainable development, such as renewable energy technology, clean production technology, and circular economy technology.

### 5.3 Education and Publicity

Schools and media should strengthen education and publicity on sustainable development, raise people''s environmental awareness and sustainable development awareness, and guide people to adopt green lifestyles.

### 5.4 Public Participation

The public should actively participate in the practice of sustainable development, contributing to sustainable development through consumption choices, volunteer services, and participation in environmental protection activities.

## 6. The Future of Sustainable Development

### 6.1 Circular Economy

Circular economy will become an important model for future economic development, reducing resource consumption and environmental pollution through resource recycling.

### 6.2 Green Technology

Green technology will become an important direction for future technology development, such as renewable energy technology, clean production technology, and intelligent technology, providing technical support for sustainable development.

### 6.3 Sharing Economy

Sharing economy will become an important trend for future economic development, improving resource utilization efficiency and reducing resource waste through shared use of resources.

### 6.4 Ecological Civilization

Ecological civilization will become an important goal for future social development, achieving sustainable development through harmonious coexistence between humans and nature.

## 7. Conclusion

Sustainable development is an inevitable choice for human social development, and green lifestyle is an important way to achieve sustainable development. Through policy support, technological innovation, education and publicity, and public participation, we can promote the realization of sustainable development and create a better future.

Let''s start now, adopt a green lifestyle, and make our own contribution to sustainable development!' , 'Sustainable Development and Green Living', 'Exploring the concept and practice of sustainable development, and how to promote sustainable development through green lifestyle');

INSERT INTO article_categories (article_id, category_id) VALUES
('9', '5');

INSERT INTO article_tags (article_id, tag_id) VALUES
('9', '6');
