-- 批次4: 导入3篇文章

-- 文章10: 人工智能伦理与责任
INSERT INTO articles (id, author_id, slug, status, is_premium, is_pinned, cover_image, published_at, view_count, ai_generated, created_at, updated_at) VALUES
('10', '1', 'ai-ethics-responsibility', 'PUBLISHED', 0, 0, 'https://trae-api-cn.mchost.guru/api/ide/v1/text_to_image?prompt=artificial%20intelligence%20ethics%20responsibility%20technology&image_size=landscape_16_9', '2024-01-10 00:00:00', 1250, 1, '2024-01-10 00:00:00', '2024-01-10 00:00:00');

INSERT INTO article_translations (id, article_id, locale, title, excerpt, content, meta_title, meta_description) VALUES
('19', '10', 'zh', '人工智能伦理与责任', '探讨人工智能发展中的伦理问题和社会责任', '# 人工智能伦理与责任

![人工智能伦理与责任概念图](https://trae-api-cn.mchost.guru/api/ide/v1/text_to_image?prompt=artificial%20intelligence%20ethics%20responsibility%20technology&image_size=landscape_16_9)

随着人工智能技术的快速发展和广泛应用，AI伦理和责任问题越来越受到关注。如何确保AI的发展符合人类利益，如何防止AI的滥用，成为了我们面临的重要课题。

## 一、AI伦理的重要性

### 1. 保障人类福祉

![保障人类福祉概念图](https://trae-api-cn.mchost.guru/api/ide/v1/text_to_image?prompt=artificial%20intelligence%20ethics%20human%20welfare&image_size=landscape_16_9)

AI伦理的核心目标是保障人类福祉，确保AI技术的发展和应用能够为人类带来好处，而不是伤害。

### 2. 维护社会公平

![维护社会公平概念图](https://trae-api-cn.mchost.guru/api/ide/v1/text_to_image?prompt=artificial%20intelligence%20ethics%20social%20fairness&image_size=landscape_16_9)

AI伦理要求技术的应用不能加剧社会不平等，要确保AI系统的公平性，防止算法偏见带来的歧视。

### 3. 保护隐私和安全

![保护隐私和安全概念图](https://trae-api-cn.mchost.guru/api/ide/v1/text_to_image?prompt=artificial%20intelligence%20ethics%20privacy%20security&image_size=landscape_16_9)

AI伦理强调保护个人隐私和数据安全，防止AI技术被用于侵犯人权和制造安全威胁。

## 二、AI伦理的核心原则

### 1. 自主性

尊重人类的自主选择权，确保AI系统的设计和应用不会剥夺人类的决策权利。

### 2. 公平性

确保AI系统的公平性，防止算法偏见和歧视，保障所有人都能平等地受益于AI技术。

### 3. 透明性

提高AI系统的透明度，让人们能够理解AI的决策过程，增强对AI技术的信任。

### 4. 责任性

明确AI技术的责任归属，确保AI系统的开发者、部署者和使用者能够承担相应的责任。

## 三、AI伦理面临的挑战

### 1. 算法偏见

AI系统可能会继承训练数据中的偏见，导致不公平的决策，这是AI伦理面临的重要挑战。

### 2. 隐私保护

AI技术对数据的需求和使用，给个人隐私保护带来了新的挑战。

### 3. 责任归属

当AI系统造成损害时，如何确定责任归属，是一个复杂的法律和伦理问题。

### 4. 长期影响

AI技术的长期影响难以预测，如何确保AI的发展方向符合人类的长期利益，是一个重要的挑战。

## 四、AI责任的框架

### 1. 开发者责任

AI开发者应该确保AI系统的安全性、可靠性和伦理性，遵守行业规范和法律法规。

### 2. 部署者责任

AI部署者应该确保AI系统的合理使用，监控AI系统的运行，及时发现和解决问题。

### 3. 使用者责任

AI使用者应该合理使用AI系统，遵守相关规定，防止AI的滥用。

### 4. 政府监管

政府应该制定和实施AI监管政策，为AI技术的发展提供明确的指导和规范。

## 五、AI伦理的实践

### 1. 伦理审查

在AI系统开发和部署前进行伦理审查，评估其潜在的风险和影响。

### 2. 算法公平性

通过技术手段确保AI系统的公平性，减少算法偏见。

### 3. 透明度提升

提高AI系统的透明度，让人们能够理解和验证AI的决策过程。

### 4. 公众参与

鼓励公众参与AI伦理的讨论和决策，确保AI技术的发展符合社会的期望。

## 六、AI伦理的未来发展

### 1. 国际标准

未来可能会形成国际通用的AI伦理标准和规范，为全球AI技术的发展提供指导。

### 2. 技术保障

通过技术创新，开发更加安全、可靠、符合伦理的AI系统。

### 3. 法律完善

完善与AI相关的法律法规，为AI技术的发展和应用提供明确的法律框架。

### 4. 教育普及

加强AI伦理教育，提高公众对AI伦理的认识和理解。

## 七、结论

AI伦理和责任是确保AI技术健康发展的重要保障。通过各方的共同努力，我们可以确保AI技术的发展和应用符合人类利益，创造一个更加美好的未来。

让我们一起关注AI伦理，推动负责任的AI创新，为人类社会的发展做出贡献！', '人工智能伦理与责任', '探讨人工智能发展中的伦理问题和社会责任'),
('20', '10', 'en', 'AI Ethics and Responsibility', 'Exploring ethical issues and social responsibility in the development of artificial intelligence', '# AI Ethics and Responsibility

![AI Ethics and Responsibility](https://trae-api-cn.mchost.guru/api/ide/v1/text_to_image?prompt=artificial%20intelligence%20ethics%20responsibility%20technology&image_size=landscape_16_9)

With the rapid development and widespread application of artificial intelligence technology, AI ethics and responsibility issues have received increasing attention. How to ensure that the development of AI is in the interest of humanity and how to prevent the misuse of AI have become important topics we face.

## 1. The Importance of AI Ethics

### 1.1 Safeguarding Human Welfare

![Safeguarding Human Welfare](https://trae-api-cn.mchost.guru/api/ide/v1/text_to_image?prompt=artificial%20intelligence%20ethics%20human%20welfare&image_size=landscape_16_9)

The core goal of AI ethics is to safeguard human welfare and ensure that the development and application of AI technology can bring benefits to humanity rather than harm.

### 1.2 Maintaining Social Fairness

![Maintaining Social Fairness](https://trae-api-cn.mchost.guru/api/ide/v1/text_to_image?prompt=artificial%20intelligence%20ethics%20social%20fairness&image_size=landscape_16_9)

AI ethics requires that the application of technology should not exacerbate social inequality, ensuring the fairness of AI systems and preventing discrimination caused by algorithmic bias.

### 1.3 Protecting Privacy and Security

![Protecting Privacy and Security](https://trae-api-cn.mchost.guru/api/ide/v1/text_to_image?prompt=artificial%20intelligence%20ethics%20privacy%20security&image_size=landscape_16_9)

AI ethics emphasizes protecting personal privacy and data security, preventing AI technology from being used to violate human rights and create security threats.

## 2. Core Principles of AI Ethics

### 2.1 Autonomy

Respect human autonomy and ensure that the design and application of AI systems do not deprive humans of decision-making rights.

### 2.2 Fairness

Ensure the fairness of AI systems, prevent algorithmic bias and discrimination, and ensure that everyone can benefit equally from AI technology.

### 2.3 Transparency

Improve the transparency of AI systems, allowing people to understand the decision-making process of AI and enhancing trust in AI technology.

### 2.4 Accountability

Clarify the responsibility for AI technology, ensuring that developers, deployers, and users of AI systems can bear corresponding responsibilities.

## 3. Challenges Facing AI Ethics

### 3.1 Algorithmic Bias

AI systems may inherit biases from training data, leading to unfair decisions, which is an important challenge facing AI ethics.

### 3.2 Privacy Protection

The demand and use of data by AI technology have brought new challenges to personal privacy protection.

### 3.3 Responsibility Attribution

When an AI system causes damage, how to determine responsibility is a complex legal and ethical issue.

### 3.4 Long-term Impact

The long-term impact of AI technology is difficult to predict. How to ensure that the direction of AI development is in the long-term interest of humanity is an important challenge.

## 4. Framework of AI Responsibility

### 4.1 Developer Responsibility

AI developers should ensure the safety, reliability, and ethics of AI systems, complying with industry norms and laws and regulations.

### 4.2 Deployer Responsibility

AI deployers should ensure the rational use of AI systems, monitor the operation of AI systems, and promptly discover and solve problems.

### 4.3 User Responsibility

AI users should use AI systems rationally, comply with relevant regulations, and prevent the misuse of AI.

### 4.4 Government Regulation

Governments should formulate and implement AI regulatory policies, providing clear guidance and norms for the development of AI technology.

## 5. Practice of AI Ethics

### 5.1 Ethical Review

Conduct ethical reviews before the development and deployment of AI systems to assess their potential risks and impacts.

### 5.2 Algorithmic Fairness

Ensure the fairness of AI systems through technical means and reduce algorithmic bias.

### 5.3 Transparency Enhancement

Improve the transparency of AI systems, allowing people to understand and verify the decision-making process of AI.

### 5.4 Public Participation

Encourage public participation in the discussion and decision-making of AI ethics, ensuring that the development of AI technology meets social expectations.

## 6. Future Development of AI Ethics

### 6.1 International Standards

In the future, international AI ethics standards and norms may be formed, providing guidance for the global development of AI technology.

### 6.2 Technical Guarantees

Develop safer, more reliable, and ethically compliant AI systems through technological innovation.

### 6.3 Legal Improvement

Improve laws and regulations related to AI, providing a clear legal framework for the development and application of AI technology.

### 6.4 Education Popularization

Strengthen AI ethics education to enhance public awareness and understanding of AI ethics.

## 7. Conclusion

AI ethics and responsibility are important guarantees for ensuring the healthy development of AI technology. Through the joint efforts of all parties, we can ensure that the development and application of AI technology are in the interest of humanity and create a better future.

Let us pay attention to AI ethics together, promote responsible AI innovation, and contribute to the development of human society!' , 'AI Ethics and Responsibility', 'Exploring ethical issues and social responsibility in the development of artificial intelligence');

INSERT INTO article_categories (article_id, category_id) VALUES
('10', '1');

INSERT INTO article_tags (article_id, tag_id) VALUES
('10', '1'),
('10', '10');

-- 文章11: 职场沟通艺术
INSERT INTO articles (id, author_id, slug, status, is_premium, is_pinned, cover_image, published_at, view_count, ai_generated, created_at, updated_at) VALUES
('11', '1', 'workplace-communication-art', 'PUBLISHED', 0, 0, 'https://trae-api-cn.mchost.guru/api/ide/v1/text_to_image?prompt=workplace%20communication%20art%20professional%20skills&image_size=landscape_16_9', '2024-01-11 00:00:00', 1100, 1, '2024-01-11 00:00:00', '2024-01-11 00:00:00');

INSERT INTO article_translations (id, article_id, locale, title, excerpt, content, meta_title, meta_description) VALUES
('21', '11', 'zh', '职场沟通艺术', '探讨职场沟通的重要性和实用技巧', '# 职场沟通艺术

![职场沟通艺术概念图](https://trae-api-cn.mchost.guru/api/ide/v1/text_to_image?prompt=workplace%20communication%20art%20professional%20skills&image_size=landscape_16_9)

职场沟通是职场成功的关键技能之一。良好的沟通能力能够帮助我们更好地与同事、上司和客户合作，提高工作效率，建立良好的人际关系。

## 一、职场沟通的重要性

### 1. 提高工作效率

![提高工作效率概念图](https://trae-api-cn.mchost.guru/api/ide/v1/text_to_image?prompt=workplace%20communication%20efficiency%20productivity&image_size=landscape_16_9)

清晰有效的沟通能够减少误解和重复工作，提高工作效率。

### 2. 建立良好关系

![建立良好关系概念图](https://trae-api-cn.mchost.guru/api/ide/v1/text_to_image?prompt=workplace%20communication%20relationship%20teamwork&image_size=landscape_16_9)

良好的沟通能力能够帮助我们建立良好的人际关系，增强团队合作。

### 3. 促进职业发展

![促进职业发展概念图](https://trae-api-cn.mchost.guru/api/ide/v1/text_to_image?prompt=workplace%20communication%20career%20development&image_size=landscape_16_9)

沟通能力是职场晋升的重要条件之一，良好的沟通能力能够帮助我们获得更多的机会。

## 二、职场沟通的原则

### 1. 清晰明了

沟通时要表达清晰，避免模糊和歧义。

### 2. 尊重他人

尊重他人的意见和感受，保持礼貌和谦虚。

### 3. 积极倾听

倾听是沟通的重要部分，要积极倾听他人的意见和想法。

### 4. 及时反馈

及时给予他人反馈，确保沟通的有效性。

## 三、职场沟通的技巧

### 1. 口头沟通技巧

表达清晰，语速适中，使用适当的语言和语气。

### 2. 书面沟通技巧

书面沟通要简洁明了，格式规范，避免错别字和语法错误。

### 3. 非语言沟通技巧

注意身体语言、面部表情和眼神交流，传递正确的信息。

### 4. 冲突处理技巧

处理冲突时要保持冷静，理性分析，寻找双赢的解决方案。

## 四、不同场合的沟通策略

### 1. 与上司沟通

与上司沟通时要尊重权威，及时汇报，提出建设性的意见。

### 2. 与同事沟通

与同事沟通时要平等互助，尊重差异，建立良好的团队合作关系。

### 3. 与客户沟通

与客户沟通时要理解需求，提供专业服务，保持良好的客户关系。

### 4. 会议沟通

会议前要做好准备，会议中要积极参与，会议后要跟进落实。

## 五、职场沟通的常见问题

### 1. 沟通障碍

文化差异、语言障碍、信息过载等都可能导致沟通障碍。

### 2. 误解和冲突

信息传递不准确或理解偏差可能导致误解和冲突。

### 3. 信息不对称

信息不对称可能导致决策失误和信任危机。

### 4. 沟通效率低

沟通方式不当或流程繁琐可能导致沟通效率低下。

## 六、提升沟通能力的方法

### 1. 学习沟通知识

学习沟通的基本理论和方法，了解不同的沟通方式和技巧。

### 2. 实践和练习

多与人沟通，不断实践和练习，提高沟通能力。

### 3. 反馈和改进

接受他人的反馈，不断改进自己的沟通方式。

### 4. 观察和学习

观察优秀的沟通者，学习他们的沟通技巧和方法。

## 七、结论

职场沟通是一门艺术，需要我们不断学习和实践。通过提升沟通能力，我们可以更好地适应职场环境，建立良好的人际关系，促进职业发展。

让我们一起学习沟通技巧，提升沟通能力，为职场成功打下坚实的基础！', '职场沟通艺术', '探讨职场沟通的重要性和实用技巧'),
('22', '11', 'en', 'The Art of Workplace Communication', 'Exploring the importance and practical skills of workplace communication', '# The Art of Workplace Communication

![The Art of Workplace Communication](https://trae-api-cn.mchost.guru/api/ide/v1/text_to_image?prompt=workplace%20communication%20art%20professional%20skills&image_size=landscape_16_9)

Workplace communication is one of the key skills for career success. Good communication skills can help us better collaborate with colleagues, superiors, and clients, improve work efficiency, and build good relationships.

## 1. The Importance of Workplace Communication

### 1.1 Improve Work Efficiency

![Improve Work Efficiency](https://trae-api-cn.mchost.guru/api/ide/v1/text_to_image?prompt=workplace%20communication%20efficiency%20productivity&image_size=landscape_16_9)

Clear and effective communication can reduce misunderstandings and repeated work, improving work efficiency.

### 1.2 Build Good Relationships

![Build Good Relationships](https://trae-api-cn.mchost.guru/api/ide/v1/text_to_image?prompt=workplace%20communication%20relationship%20teamwork&image_size=landscape_16_9)

Good communication skills can help us build good relationships and enhance teamwork.

### 1.3 Promote Career Development

![Promote Career Development](https://trae-api-cn.mchost.guru/api/ide/v1/text_to_image?prompt=workplace%20communication%20career%20development&image_size=landscape_16_9)

Communication skills are one of the important conditions for career advancement. Good communication skills can help us get more opportunities.

## 2. Principles of Workplace Communication

### 2.1 Clear and Concise

Communicate clearly, avoiding ambiguity and confusion.

### 2.2 Respect Others

Respect others'' opinions and feelings, and remain polite and humble.

### 2.3 Active Listening

Listening is an important part of communication. Actively listen to others'' opinions and ideas.

### 2.4 Timely Feedback

Give timely feedback to others to ensure the effectiveness of communication.

## 3. Skills of Workplace Communication

### 3.1 Verbal Communication Skills

Speak clearly, at a moderate pace, and use appropriate language and tone.

### 3.2 Written Communication Skills

Written communication should be concise and clear, with standardized formatting, avoiding typos and grammatical errors.

### 3.3 Non-verbal Communication Skills

Pay attention to body language, facial expressions, and eye contact to convey the correct message.

### 3.4 Conflict Resolution Skills

Remain calm when dealing with conflicts, analyze rationally, and find win-win solutions.

## 4. Communication Strategies for Different Situations

### 4.1 Communicating with Superiors

Respect authority when communicating with superiors, report promptly, and provide constructive opinions.

### 4.2 Communicating with Colleagues

Be equal and helpful when communicating with colleagues, respect differences, and build good teamwork relationships.

### 4.3 Communicating with Clients

Understand needs when communicating with clients, provide professional services, and maintain good client relationships.

### 4.4 Meeting Communication

Prepare well before meetings, actively participate during meetings, and follow up after meetings.

## 5. Common Problems in Workplace Communication

### 5.1 Communication Barriers

Cultural differences, language barriers, information overload, etc., may all lead to communication barriers.

### 5.2 Misunderstandings and Conflicts

Inaccurate information transmission or misunderstanding may lead to misunderstandings and conflicts.

### 5.3 Information Asymmetry

Information asymmetry may lead to decision-making errors and trust crises.

### 5.4 Low Communication Efficiency

Improper communication methods or cumbersome processes may lead to low communication efficiency.

## 6. Methods to Improve Communication Skills

### 6.1 Learn Communication Knowledge

Learn the basic theories and methods of communication, and understand different communication styles and skills.

### 6.2 Practice and Exercise

Communicate more with others, and continuously practice and exercise to improve communication skills.

### 6.3 Feedback and Improvement

Accept feedback from others, and continuously improve your communication methods.

### 6.4 Observe and Learn

Observe excellent communicators, and learn their communication skills and methods.

## 7. Conclusion

Workplace communication is an art that requires continuous learning and practice. By improving communication skills, we can better adapt to the workplace environment, build good relationships, and promote career development.

Let us learn communication skills together, improve communication skills, and lay a solid foundation for career success!' , 'The Art of Workplace Communication', 'Exploring the importance and practical skills of workplace communication');

INSERT INTO article_categories (article_id, category_id) VALUES
('11', '7');

INSERT INTO article_tags (article_id, tag_id) VALUES
('11', '8');

-- 文章12: 美食摄影技巧
INSERT INTO articles (id, author_id, slug, status, is_premium, is_pinned, cover_image, published_at, view_count, ai_generated, created_at, updated_at) VALUES
('12', '1', 'food-photography-tips', 'PUBLISHED', 0, 0, 'https://trae-api-cn.mchost.guru/api/ide/v1/text_to_image?prompt=food%20photography%20tips%20delicious%20food%20art&image_size=landscape_16_9', '2024-01-12 00:00:00', 1150, 1, '2024-01-12 00:00:00', '2024-01-12 00:00:00');

INSERT INTO article_translations (id, article_id, locale, title, excerpt, content, meta_title, meta_description) VALUES
('23', '12', 'zh', '美食摄影技巧', '探讨美食摄影的实用技巧和创意方法', '# 美食摄影技巧

![美食摄影技巧概念图](https://trae-api-cn.mchost.guru/api/ide/v1/text_to_image?prompt=food%20photography%20tips%20delicious%20food%20art&image_size=landscape_16_9)

美食摄影是一门能够让食物更加诱人的艺术。通过掌握一些基本的摄影技巧，我们可以拍出令人垂涎欲滴的美食照片。

## 一、美食摄影的准备工作

### 1. 设备选择

![设备选择概念图](https://trae-api-cn.mchost.guru/api/ide/v1/text_to_image?prompt=food%20photography%20equipment%20camera%20lens&image_size=landscape_16_9)

选择合适的相机和镜头，一台入门级的数码单反相机或无反相机都可以拍出不错的美食照片。

### 2. 食物准备

食物要准备得美观可口，注意食物的摆放和装饰，选择新鲜的食材。

### 3. 背景和道具

![背景和道具概念图](https://trae-api-cn.mchost.guru/api/ide/v1/text_to_image?prompt=food%20photography%20background%20prop%20decor&image_size=landscape_16_9)

选择合适的背景和道具，背景要简洁干净，道具要与食物相配。

### 4. 光线准备

准备好合适的光线，自然光和人工光都可以使用。

## 二、美食摄影的光线技巧

### 1. 自然光

自然光是美食摄影的最佳选择，特别是柔和的侧光或逆光。

### 2. 人工光

如果没有自然光，可以使用人工光，如柔光箱或窗户柔光效果。

### 3. 光线角度

选择合适的光线角度，通常侧光或45度角的光线效果最好。

### 4. 补光技巧

使用反光板或白色卡纸进行补光，减少阴影，增加画面的层次感。

## 三、美食摄影的构图技巧

### 1. 三分法

使用三分法构图，将食物放在视觉中心或线条交点上。

### 2. 三角形构图

利用三角形构图，让画面更加稳定和有层次感。

### 3. 色彩搭配

![色彩搭配概念图](https://trae-api-cn.mchost.guru/api/ide/v1/text_to_image?prompt=food%20photography%20color%20palette%20composition&image_size=landscape_16_9)

注意食物的色彩搭配，利用对比色或互补色让画面更加醒目。

### 4. 景深控制

控制好景深，突出主体，让背景虚化。

## 四、美食摄影的角度技巧

### 1. 平视角度

平视角度能够展现食物的细节，适合拍摄需要展现层次的食物。

### 2. 45度角

45度角是最常用的美食摄影角度，能够很好地展现食物的全貌和立体感。

### 3. 俯视角度

俯视角度能够展现食物的整体布局和色彩搭配，适合拍摄摆盘精美的食物。

### 4. 特写角度

特写角度能够突出食物的细节和质感，适合拍摄有吸引力的细节。

## 五、美食摄影的创意技巧

### 1. 动态效果

通过飞溅的汤汁或蒸汽，增加画面的动感和真实感。

### 2. 故事讲述

通过食物的摆放和背景的选择，讲述一个故事，增加照片的情感和深度。

### 3. 色彩对比

利用食物的色彩与背景的色彩对比，让画面更加鲜明。

### 4. 季节元素

加入季节元素，让照片更有季节感和新鲜感。

## 六、美食摄影的后期处理

### 1. 曝光调整

调整照片的曝光，让画面更加明亮和清晰。

### 2. 色彩调整

![色彩调整概念图](https://trae-api-cn.mchost.guru/api/ide/v1/text_to_image?prompt=food%20photography%20post%20processing%20color%20correction&image_size=landscape_16_9)

调整照片的色彩，让食物的颜色更加鲜艳和真实。

### 3. 细节增强

增强照片的细节，让食物的质感更加鲜明。

### 4. 构图裁剪

裁剪照片，调整构图，让画面更加美观。

## 七、结论

美食摄影需要我们不断地学习和实践。通过掌握光线、构图、角度等技巧，我们可以拍出更加美观和诱人的美食照片。

让我们一起学习美食摄影技巧，用镜头记录美食的美好！', '美食摄影技巧', '探讨美食摄影的实用技巧和创意方法'),
('24', '12', 'en', 'Food Photography Tips', 'Exploring practical skills and creative methods of food photography', '# Food Photography Tips

![Food Photography Tips](https://trae-api-cn.mchost.guru/api/ide/v1/text_to_image?prompt=food%20photography%20tips%20delicious%20food%20art&image_size=landscape_16_9)

Food photography is an art that can make food more appealing. By mastering some basic photography skills, we can take mouthwatering food photos.

## 1. Preparation for Food Photography

### 1.1 Equipment Selection

![Equipment Selection](https://trae-api-cn.mchost.guru/api/ide/v1/text_to_image?prompt=food%20photography%20equipment%20camera%20lens&image_size=landscape_16_9)

Choose a suitable camera and lens. An entry-level DSLR or mirrorless camera can take good food photos.

### 1.2 Food Preparation

Prepare food aesthetically and deliciously, pay attention to the arrangement and decoration of food, and choose fresh ingredients.

### 1.3 Background and Props

![Background and Props](https://trae-api-cn.mchost.guru/api/ide/v1/text_to_image?prompt=food%20photography%20background%20prop%20decor&image_size=landscape_16_9)

Choose a suitable background and props, the background should be simple and clean, and the props should match the food.

### 1.4 Light Preparation

Prepare suitable lighting, both natural light and artificial light can be used.

## 2. Light Skills in Food Photography

### 2.1 Natural Light

Natural light is the best choice for food photography, especially soft side light or backlight.

### 2.2 Artificial Light

If there is no natural light, you can use artificial light, such as a softbox or window soft light effect.

### 2.3 Light Angle

Choose a suitable light angle, usually side light or 45-degree angle light is the best effect.

### 2.4 Fill Light Skills

Use a reflector or white card for fill light, reduce shadows, and increase the layering of the picture.

## 3. Composition Skills in Food Photography

### 3.1 Rule of Thirds

Use the rule of thirds to compose, place food at the visual center or line intersections.

### 3.2 Triangle Composition

Use triangle composition to make the picture more stable and layered.

### 3.3 Color Matching

![Color Matching](https://trae-api-cn.mchost.guru/api/ide/v1/text_to_image?prompt=food%20photography%20color%20palette%20composition&image_size=landscape_16_9)

Pay attention to the color matching of food, use contrasting colors or complementary colors to make the picture more eye-catching.

### 3.4 Depth of Field Control

Control the depth of field to highlight the subject and blur the background.

## 4. Angle Skills in Food Photography

### 4.1 Eye Level

Eye level can show the details of food, suitable for shooting food that needs to show layers.

### 4.2 45-degree Angle

45-degree angle is the most commonly used food photography angle, which can well show the overall view and three-dimensional sense of food.

### 4.3 Top-down Angle

Top-down angle can show the overall layout and color matching of food, suitable for shooting food with beautiful presentation.

### 4.4 Close-up Angle

Close-up angle can highlight the details and texture of food, suitable for shooting attractive details.

## 5. Creative Skills in Food Photography

### 5.1 Dynamic Effects

Increase the dynamism and realism of the picture by splashing soup or steam.

### 5.2 Storytelling

Tell a story through the arrangement of food and the choice of background, increasing the emotion and depth of the photo.

### 5.3 Color Contrast

Use the color contrast between food and background to make the picture more vivid.

### 5.4 Seasonal Elements

Add seasonal elements to make the photo more seasonal and fresh.

## 6. Post-processing in Food Photography

### 6.1 Exposure Adjustment

Adjust the exposure of the photo to make the picture brighter and clearer.

### 6.2 Color Adjustment

![Color Adjustment](https://trae-api-cn.mchost.guru/api/ide/v1/text_to_image?prompt=food%20photography%20post%20processing%20color%20correction&image_size=landscape_16_9)

Adjust the color of the photo to make the color of the food more vibrant and realistic.

### 6.3 Detail Enhancement

Enhance the details of the photo to make the texture of the food more prominent.

### 6.4 Composition Cropping

Crop the photo, adjust the composition to make the picture more beautiful.

## 7. Conclusion

Food photography requires continuous learning and practice. By mastering skills such as light, composition, angle, etc., we can take more beautiful and appealing food photos.

Let us learn food photography skills together and record the beauty of food with our lenses!' , 'Food Photography Tips', 'Exploring practical skills and creative methods of food photography');

INSERT INTO article_categories (article_id, category_id) VALUES
('12', '4');

INSERT INTO article_tags (article_id, tag_id) VALUES
('12', '5');
